gene_id	ref_exon_start	ref_exon_end	change_label	gene_name	strand	splicing_code_passed	splicing_code_passed_stringent	splicing_code_passed_very_stringent
gene:ENSG00000001629	92391166	92391344	< 0.05	ANKIB1	+	True	True	True
gene:ENSG00000001631	92235403	92235773	< 0.05	KRIT1	-	False	False	False
gene:ENSG00000004487	23055069	23055418		KDM1A	+	False	False	False
gene:ENSG00000004897	47143883	47143982	< 0.05	CDC27	-	False	False	False
gene:ENSG00000005100	5453821	5453980	< 0.05	DHX33	-	True	False	False
gene:ENSG00000005206	2338752	2338841	< 0.05	SPPL2B	+	False	False	False
gene:ENSG00000005339	3769174	3769353		CREBBP	-	True	False	False
gene:ENSG00000005483	105108942	105109228	< 0.05	KMT2E	+	True	False	False
gene:ENSG00000005812	77018600	77018744		FBXL3	-	False	False	False
gene:ENSG00000005889	24207326	24207475	< 0.05	ZFX	+	False	False	False
gene:ENSG00000006607	241468140	241468377	> 0.10	FARP2	+	False	False	False
gene:ENSG00000007202	28642869	28642987	< 0.05	KIAA0100	-	False	False	False
gene:ENSG00000007545	1670467	1670809	< 0.05	CRAMP1	+	False	False	False
gene:ENSG00000007923	6645789	6645978	< 0.05	DNAJC11	-	False	False	False
gene:ENSG00000007944	16144897	16145317	< 0.05	MYLIP	+	True	False	False
gene:ENSG00000008294	51056412	51056482		SPAG9	-	True	True	True
gene:ENSG00000008405	107001764	107001948	< 0.05	CRY1	-	False	False	False
gene:ENSG00000008710	2100166	2100309	< 0.05	PKD1	-	False	False	False
gene:ENSG00000009335	157170304	157170450	< 0.05	UBE3C	+	False	False	False
gene:ENSG00000009954	73470345	73470483	< 0.05	BAZ1B	-	False	False	False
gene:ENSG00000011007	23749021	23749077	< 0.05	ELOA	+	False	False	False
gene:ENSG00000011198	43711709	43711863	< 0.05	ABHD5	+	False	False	False
gene:ENSG00000011243	15403319	15403555	> 0.10	AKAP8L	-	True	False	False
gene:ENSG00000011275	5712715	5712863	< 0.05	RNF216	-	False	False	False
gene:ENSG00000011295	16001915	16002025	> 0.10	TTC19	+	False	False	False
gene:ENSG00000011422	43652225	43652371		PLAUR	-	True	False	False
gene:ENSG00000011566	39299743	39299845	> 0.10	MAP4K3	-	True	True	False
gene:ENSG00000012171	50270561	50271009	< 0.05	SEMA3B	+	False	False	False
gene:ENSG00000012817	19710376	19710606	> 0.10	KDM5D	-	False	False	False
gene:ENSG00000013288	6609798	6610050	< 0.05	MAN2B2	+	True	True	False
gene:ENSG00000013810	1744439	1744624	> 0.10	TACC3	+	False	False	False
gene:ENSG00000015479	139307239	139307715	> 0.10	MATR3	+	False	False	False
gene:ENSG00000018510	177521269	177521368	< 0.05	AGPS	+	False	False	False
gene:ENSG00000019995	124966594	124966781		ZRANB1	+	False	False	False
gene:ENSG00000020426	60818722	60818860	< 0.05	MNAT1	+	True	True	True
gene:ENSG00000023287	52658873	52658976	< 0.05	RB1CC1	-	False	False	False
gene:ENSG00000024048	42663258	42663419		UBR2	+	False	False	False
gene:ENSG00000028203	95257150	95257239	> 0.10	VEZT	+	True	True	True
gene:ENSG00000028839	133980082	133980260	> 0.10	TBPL1	+	False	False	False
gene:ENSG00000029725	5331949	5332152	< 0.05	RABEP1	+	False	False	False
gene:ENSG00000030066	47788501	47788611	< 0.05	NUP160	-	False	False	False
gene:ENSG00000031823	5933412	5933656	< 0.05	RANBP3	-	False	False	False
gene:ENSG00000032389	3257299	3257559	> 0.10	EIPR1	-	True	True	False
gene:ENSG00000032742	20638332	20638518	< 0.05	IFT88	+	True	True	False
gene:ENSG00000033030	122483279	122483344	< 0.05	ZCCHC8	-	False	False	False
gene:ENSG00000033178	67638943	67639124	< 0.05	UBA6	-	False	False	False
gene:ENSG00000033800	68141946	68142030	< 0.05	PIAS1	+	False	False	False
gene:ENSG00000035403	74070670	74070820	< 0.05	VCL	+	False	False	False
gene:ENSG00000035681	58599970	58600021	< 0.05	NSMAF	-	False	False	False
gene:ENSG00000036054	100295087	100295211	> 0.10	TBC1D23	+	False	False	False
gene:ENSG00000036257	224514612	224514772	< 0.05	CUL3	-	False	False	False
gene:ENSG00000038358	67875945	67876101	< 0.05	EDC4	+	True	False	False
gene:ENSG00000039123	55340010	55340184	< 0.05	MTREX	+	False	False	False
gene:ENSG00000040341	73688651	73688813	> 0.10	STAU2	-	False	False	False
gene:ENSG00000040633	7237629	7237794	< 0.05	PHF23	-	False	False	False
gene:ENSG00000040933	98563465	98563637	> 0.10	INPP4A	+	True	True	True
gene:ENSG00000043093	182965537	182965753	> 0.10	DCUN1D1	-	False	False	False
gene:ENSG00000047315	57010361	57010504	< 0.05	POLR2B	+	False	False	False
gene:ENSG00000047932	117573467	117573632	< 0.05	GOPC	-	False	False	False
gene:ENSG00000048140	176654895	176655020	< 0.05	TSPAN17	+	False	False	False
gene:ENSG00000048707	12321809	12321964	< 0.05	VPS13D	+	False	False	False
gene:ENSG00000050820	75242776	75243090	> 0.10	BCAR1	-	False	False	False
gene:ENSG00000051382	138684625	138685126	< 0.05	PIK3CB	-	False	False	False
gene:ENSG00000051825	123161136	123161383	> 0.10	MPHOSPH9	-	True	False	False
gene:ENSG00000052841	43403998	43404144	< 0.05	TTC17	+	False	False	False
gene:ENSG00000053254	89280950	89281014	< 0.05	FOXN3	-	False	False	False
gene:ENSG00000053770	57280195	57280422	> 0.10	AP5M1	+	True	True	False
gene:ENSG00000053900	25414599	25414700	< 0.05	ANAPC4	+	False	False	False
gene:ENSG00000054611	46793501	46793841	< 0.05	TBC1D22A	+	True	False	False
gene:ENSG00000055163	157323921	157324074		CYFIP2	+	True	True	True
gene:ENSG00000055483	78835280	78835501		USP36	-	False	False	False
gene:ENSG00000055609	152154267	152154445	< 0.05	KMT2C	-	False	False	False
gene:ENSG00000055917	20318537	20318645		PUM2	-	False	False	False
gene:ENSG00000056586	122890170	122890545	< 0.05	RC3H2	-	False	False	False
gene:ENSG00000058272	79872808	79872938	< 0.05	PPP1R12A	-	False	False	False
gene:ENSG00000058600	22328319	22329091	< 0.05	POLR3E	+	False	False	False
gene:ENSG00000059573	95637287	95637436	< 0.05	ALDH18A1	-	True	True	True
gene:ENSG00000059588	234425673	234425793	> 0.10	TARBP1	-	True	False	False
gene:ENSG00000060138	10709908	10710120	< 0.05	YBX3	-	False	False	False
gene:ENSG00000060237	829920	830160	< 0.05	WNK1	+	False	False	False
gene:ENSG00000060339	68755370	68755536	< 0.05	CCAR1	+	False	False	False
gene:ENSG00000062598	46379919	46380303	< 0.05	ELMO2	-	True	True	True
gene:ENSG00000062822	50415724	50415826	< 0.05	POLD1	+	False	False	False
gene:ENSG00000063601	150755689	150755865	< 0.05	MTMR1	+	True	False	False
gene:ENSG00000064042	41671554	41671594		LIMCH1	+	True	False	False
gene:ENSG00000064313	119760455	119760738	< 0.05	TAF2	-	True	False	False
gene:ENSG00000064419	129017957	129018157	> 0.10	TNPO3	-	True	False	False
gene:ENSG00000064545	19132880	19133357	< 0.05	TMEM161A	-	False	False	False
gene:ENSG00000064607	18994366	18994486	< 0.05	SUGP2	-	False	False	False
gene:ENSG00000065559	12095575	12095694	< 0.05	MAP2K4	+	False	False	False
gene:ENSG00000065802	238444342	238444727	< 0.05	ASB1	+	True	True	False
gene:ENSG00000065883	40088126	40088331		CDK13	+	True	False	False
gene:ENSG00000065911	74208569	74208721	< 0.05	MTHFD2	+	False	False	False
gene:ENSG00000066044	7991644	7991831	> 0.10	ELAVL1	-	False	False	False
gene:ENSG00000066084	50660194	50660319	< 0.05	DIP2B	+	True	True	True
gene:ENSG00000066117	50088521	50089422	< 0.05	SMARCD1	+	True	True	True
gene:ENSG00000066427	92096093	92096137		ATXN3	-	True	False	False
gene:ENSG00000066926	57571392	57571603		FECH	-	False	False	False
gene:ENSG00000067225	72218943	72219110		PKM	-	False	False	False
gene:ENSG00000067955	67066682	67066962	< 0.05	CBFB	+	True	False	False
gene:ENSG00000068001	50319569	50320535	> 0.10	HYAL2	-	True	False	False
gene:ENSG00000068305	99632978	99633173		MEF2A	+	False	False	False
gene:ENSG00000068831	64740013	64740163	> 0.10	RASGRP2	-	True	True	True
gene:ENSG00000068878	53910075	53910130	> 0.10	PSME4	-	True	True	True
gene:ENSG00000069248	229495892	229496047	< 0.05	NUP133	-	False	False	False
gene:ENSG00000069424	6094400	6094485	> 0.10	KCNAB2	+	True	False	False
gene:ENSG00000070061	108917547	108917670	< 0.05	ELP1	-	False	False	False
gene:ENSG00000070087	149968118	149968905	< 0.05	PFN2	-	False	False	False
gene:ENSG00000070413	19068096	19068225	< 0.05	DGCR2	-	False	False	False
gene:ENSG00000070669	97868905	97869184	< 0.05	ASNS	-	False	False	False
gene:ENSG00000070759	45343883	45345558	< 0.05	TESK2	-	True	False	False
gene:ENSG00000071054	101855977	101856138	< 0.05	MAP4K4	+	False	False	False
gene:ENSG00000071189	17826022	17826091	< 0.05	SNX13	-	False	False	False
gene:ENSG00000071967	171541585	171541793	< 0.05	CYBRD1	+	False	False	False
gene:ENSG00000072274	196077064	196077122	> 0.10	TFRC	-	False	False	False
gene:ENSG00000072518	63895155	63895338	> 0.10	MARK2	+	False	False	False
gene:ENSG00000072736	68157869	68158073	< 0.05	NFATC3	+	False	False	False
gene:ENSG00000073536	35137001	35137193		NLE1	-	True	False	False
gene:ENSG00000073921	85990250	85990399	< 0.05	PICALM	-	False	False	False
gene:ENSG00000074054	121377499	121377649	> 0.10	CLASP1	-	True	True	True
gene:ENSG00000074356	3821953	3822456	< 0.05	NCBP3	-	True	False	False
gene:ENSG00000075131	66341150	66341356	< 0.05	TIPIN	-	True	False	False
gene:ENSG00000075151	21002713	21002808		EIF4G3	-	True	True	True
gene:ENSG00000075292	71368382	71368528	< 0.05	ZNF638	+	False	False	False
gene:ENSG00000075413	103451918	103451995	< 0.05	MARK3	+	False	False	False
gene:ENSG00000075539	48535657	48535827	< 0.05	FRYL	-	True	False	False
gene:ENSG00000075711	197076586	197076685		DLG1	-	False	False	False
gene:ENSG00000075826	100506321	100506471	> 0.10	SEC31B	-	True	False	False
gene:ENSG00000076108	56606633	56606733		BAZ2A	-	False	False	False
gene:ENSG00000076201	47405005	47405081	> 0.10	PTPN23	+	True	False	False
gene:ENSG00000076356	208031590	208031759	< 0.05	PLXNA2	-	True	False	False
gene:ENSG00000076685	103139406	103139479	< 0.05	NT5C2	-	False	False	False
gene:ENSG00000077044	233435818	233435924		DGKD	+	True	False	False
gene:ENSG00000077232	182717941	182718290	< 0.05	DNAJC10	+	False	False	False
gene:ENSG00000077254	77721831	77721925	> 0.10	USP33	-	False	False	False
gene:ENSG00000077380	171706890	171707377	> 0.10	DYNC1I2	+	True	True	True
gene:ENSG00000078246	2937631	2937729		TULP3	+	True	True	False
gene:ENSG00000078269	158095618	158099176		SYNJ2	+	True	True	True
gene:ENSG00000078403	21726244	21726355	< 0.05	MLLT10	+	False	False	False
gene:ENSG00000078674	17947186	17947363	> 0.10	PCM1	+	True	True	True
gene:ENSG00000078687	78098342	78098537	< 0.05	TNRC6C	+	True	False	False
gene:ENSG00000079805	10797380	10797518	> 0.10	DNM2	+	False	False	False
gene:ENSG00000080823	102229433	102229657	> 0.10	MOK	-	True	True	False
gene:ENSG00000081760	125142092	125143333	< 0.05	AACS	+	True	True	False
gene:ENSG00000082212	50917347	50917508	< 0.05	ME2	+	True	False	False
gene:ENSG00000082397	5392381	5393478	< 0.05	EPB41L3	-	True	False	False
gene:ENSG00000082898	61502146	61502608	< 0.05	XPO1	-	False	False	False
gene:ENSG00000083093	23603160	23603669	< 0.05	PALB2	-	True	False	False
gene:ENSG00000083312	72861792	72861915	< 0.05	TNPO1	+	False	False	False
gene:ENSG00000083799	50776179	50776277		CYLD	+	True	True	True
gene:ENSG00000084070	40406736	40406869	< 0.05	SMAP2	+	False	False	False
gene:ENSG00000084636	31672724	31672840	< 0.05	COL16A1	-	True	False	False
gene:ENSG00000085274	169774265	169774561	> 0.10	MYNN	+	True	True	True
gene:ENSG00000085415	12976288	12978892	< 0.05	SEH1L	+	False	False	False
gene:ENSG00000085511	161109755	161109914	< 0.05	MAP3K4	+	True	True	False
gene:ENSG00000085719	86528536	86528677	< 0.05	CPNE3	+	True	False	False
gene:ENSG00000085721	15086129	15086258	> 0.10	RRN3	-	True	True	True
gene:ENSG00000085788	38241965	38242385	< 0.05	DDHD2	+	False	False	False
gene:ENSG00000085832	51446960	51447105		EPS15	-	False	False	False
gene:ENSG00000085978	233270002	233270067	> 0.10	ATG16L1	+	False	False	False
gene:ENSG00000086189	62394484	62394607		DIMT1	-	False	False	False
gene:ENSG00000086200	62550367	62550462		IPO11	+	False	False	False
gene:ENSG00000086712	16828094	16828264	< 0.05	TXLNG	+	False	False	False
gene:ENSG00000087152	44195419	44195487	< 0.05	ATXN7L3	-	False	False	False
gene:ENSG00000087338	69842700	69843261	> 0.10	GMCL1	+	False	False	False
gene:ENSG00000087470	32713209	32713371	< 0.05	DNM1L	+	True	True	True
gene:ENSG00000088038	54141396	54143003	< 0.05	CNOT3	+	False	False	False
gene:ENSG00000088387	98824398	98824504	> 0.10	DOCK9	-	True	True	False
gene:ENSG00000088448	110910618	110910770	< 0.05	ANKRD10	-	False	False	False
gene:ENSG00000088808	103742654	103742898	> 0.10	PPP1R13B	-	True	True	True
gene:ENSG00000089022	111870271	111870360	> 0.10	MAPKAPK5	+	True	False	False
gene:ENSG00000089335	34681283	34683147		ZNF302	+	True	True	True
gene:ENSG00000089820	153919155	153919283	> 0.10	ARHGAP4	-	True	False	False
gene:ENSG00000089916	76195878	76196585	< 0.05	GPATCH2L	+	False	False	False
gene:ENSG00000090054	92067966	92068098	< 0.05	SPTLC1	-	False	False	False
gene:ENSG00000090060	96535525	96535999	< 0.05	PAPOLA	+	False	False	False
gene:ENSG00000090372	46738785	46738888	< 0.05	STRN4	-	False	False	False
gene:ENSG00000090686	21736430	21736625	< 0.05	USP48	-	False	False	False
gene:ENSG00000090905	24789232	24791817	< 0.05	TNRC6A	+	False	False	False
gene:ENSG00000091490	25790455	25790574	< 0.05	SEL1L3	-	False	False	False
gene:ENSG00000094841	75296342	75296411	> 0.10	UPRT	+	True	False	False
gene:ENSG00000095209	105748073	105748190		TMEM38B	+	True	True	True
gene:ENSG00000095261	120826595	120826907	< 0.05	PSMD5	-	True	False	False
gene:ENSG00000095787	28595695	28595870	< 0.05	WAC	+	False	False	False
gene:ENSG00000096093	52423946	52424167	< 0.05	EFHC1	+	False	False	False
gene:ENSG00000096717	67906790	67906937	< 0.05	SIRT1	+	True	False	False
gene:ENSG00000099219	5787430	5787593	< 0.05	ERMP1	-	True	False	False
gene:ENSG00000099814	104868424	104868555	> 0.10	CEP170B	+	True	False	False
gene:ENSG00000099904	20140405	20140708	< 0.05	ZDHHC8	+	False	False	False
gene:ENSG00000099910	20471350	20471515	< 0.05	KLHL22	-	False	False	False
gene:ENSG00000099917	20551407	20551748	< 0.05	MED15	+	False	False	False
gene:ENSG00000099949	20991492	20991685	< 0.05	LZTR1	+	False	False	False
gene:ENSG00000099991	24054873	24055159	< 0.05	CABIN1	+	True	False	False
gene:ENSG00000100038	21975640	21975807	> 0.10	TOP3B	-	True	False	False
gene:ENSG00000100084	19410716	19410778		HIRA	-	False	False	False
gene:ENSG00000100227	42602768	42603160	< 0.05	POLDIP3	-	False	False	False
gene:ENSG00000100330	29978087	29978531	> 0.10	MTMR3	+	False	False	False
gene:ENSG00000100395	41220734	41220868	< 0.05	L3MBTL2	+	True	False	False
gene:ENSG00000100425	49777678	49777813	< 0.05	BRD1	-	True	True	False
gene:ENSG00000100441	24435457	24436179		KHNYN	+	False	False	False
gene:ENSG00000100462	22927526	22927660	< 0.05	PRMT5	-	False	False	False
gene:ENSG00000100726	1494246	1494616	< 0.05	TELO2	+	False	False	False
gene:ENSG00000100744	96382247	96382505	> 0.10	GSKIP	+	True	False	False
gene:ENSG00000100749	96881177	96881613	< 0.05	VRK1	+	True	True	True
gene:ENSG00000100813	23081748	23081836	> 0.10	ACIN1	-	True	True	True
gene:ENSG00000100852	32146263	32146340	< 0.05	ARHGAP5	+	False	False	False
gene:ENSG00000101004	25510674	25510740	< 0.05	NINL	-	True	False	False
gene:ENSG00000101040	47291796	47291888	< 0.05	ZMYND8	-	False	False	False
gene:ENSG00000101126	50902017	50902109	< 0.05	ADNP	-	False	False	False
gene:ENSG00000101191	62914210	62914406	> 0.10	DIDO1	-	False	False	False
gene:ENSG00000101310	18524433	18524669	< 0.05	SEC23B	+	False	False	False
gene:ENSG00000101346	32215269	32215451	< 0.05	POFUT1	+	False	False	False
gene:ENSG00000101391	33385650	33385770	> 0.10	CDK5RAP1	-	True	True	True
gene:ENSG00000101407	37996375	37996462	< 0.05	TTI1	-	False	False	False
gene:ENSG00000101413	38066081	38066256	< 0.05	RPRD1B	+	False	False	False
gene:ENSG00000101596	2762105	2762236	< 0.05	SMCHD1	+	False	False	False
gene:ENSG00000101901	111713225	111713297		ALG13	+	False	False	False
gene:ENSG00000101972	124030961	124031125	< 0.05	STAG2	+	True	True	False
gene:ENSG00000102081	147927670	147928393	< 0.05	FMR1	+	False	False	False
gene:ENSG00000102172	21967196	21967316	> 0.10	SMS	+	False	False	False
gene:ENSG00000102225	47223552	47223604	> 0.10	CDK16	+	False	False	False
gene:ENSG00000102531	49174435	49174559	< 0.05	FNDC3A	+	False	False	False
gene:ENSG00000102606	111217679	111217885	> 0.10	ARHGEF7	+	False	False	False
gene:ENSG00000102710	37051488	37051646	< 0.05	SUPT20H	-	True	False	False
gene:ENSG00000102763	41670946	41671147	> 0.10	VWA8	-	True	False	False
gene:ENSG00000102786	51387386	51387540	< 0.05	INTS6	-	False	False	False
gene:ENSG00000102893	47669215	47669417	< 0.05	PHKB	+	False	False	False
gene:ENSG00000102974	67614328	67616878	< 0.05	CTCF	+	False	False	False
gene:ENSG00000103091	74965773	74965822	< 0.05	WDR59	-	False	False	False
gene:ENSG00000103148	112622	112775	> 0.10	NPRL3	-	False	False	False
gene:ENSG00000103194	84758716	84758807	< 0.05	USP10	+	False	False	False
gene:ENSG00000103227	879570	879737	> 0.10	LMF1	-	True	False	False
gene:ENSG00000103264	87360295	87360366	> 0.10	FBXO31	-	False	False	False
gene:ENSG00000103319	22258494	22258827		EEF2K	+	True	False	False
gene:ENSG00000103365	23494112	23494402		GGA2	-	False	False	False
gene:ENSG00000103657	63659736	63659936	< 0.05	HERC1	-	False	False	False
gene:ENSG00000104067	29710831	29711000		TJP1	-	True	True	True
gene:ENSG00000104133	44598265	44598373	> 0.10	SPG11	-	True	True	True
gene:ENSG00000104365	42319156	42319421	< 0.05	IKBKB	+	False	False	False
gene:ENSG00000104368	42187906	42188489	> 0.10	PLAT	-	True	True	False
gene:ENSG00000104517	102275708	102275828	< 0.05	UBR5	-	False	False	False
gene:ENSG00000104731	87726765	87726924		KLHDC4	-	False	False	False
gene:ENSG00000104756	25440543	25440673	< 0.05	KCTD9	-	False	False	False
gene:ENSG00000104765	26391243	26391426	< 0.05	BNIP3L	+	False	False	False
gene:ENSG00000104812	48978098	48978233	< 0.05	GYS1	-	False	False	False
gene:ENSG00000104824	38847316	38847632	< 0.05	HNRNPL	-	False	False	False
gene:ENSG00000104884	45369070	45369147	< 0.05	ERCC2	-	True	False	False
gene:ENSG00000104885	2202700	2202779		DOT1L	+	False	False	False
gene:ENSG00000104973	49828970	49829090	< 0.05	MED25	+	False	False	False
gene:ENSG00000104983	46006559	46006716	> 0.10	CCDC61	+	True	False	False
gene:ENSG00000105063	55246877	55247372		PPP6R1	-	True	False	False
gene:ENSG00000105127	15374603	15374635	< 0.05	AKAP8	-	False	False	False
gene:ENSG00000105137	15112346	15112571	< 0.05	SYDE1	+	True	True	True
gene:ENSG00000105176	29985223	29985301	> 0.10	URI1	+	False	False	False
gene:ENSG00000105245	40684088	40686149	< 0.05	NUMBL	-	False	False	False
gene:ENSG00000105321	47258089	47258403	> 0.10	CCDC9	+	False	False	False
gene:ENSG00000105323	41268078	41268345		HNRNPUL1	+	False	False	False
gene:ENSG00000105357	50231930	50232070	> 0.10	MYH14	+	True	False	False
gene:ENSG00000105426	5218420	5218534	> 0.10	PTPRS	-	True	True	False
gene:ENSG00000105486	48132982	48133494	> 0.10	LIG1	-	True	True	False
gene:ENSG00000105643	18008711	18008861	> 0.10	ARRDC2	+	False	False	False
gene:ENSG00000105649	18200327	18200445	< 0.05	RAB3A	-	True	False	False
gene:ENSG00000105655	18436330	18436616	< 0.05	ISYNA1	-	False	False	False
gene:ENSG00000105676	19042711	19042877	> 0.10	ARMC6	+	True	True	True
gene:ENSG00000105705	19303348	19303686	< 0.05	SUGP1	-	False	False	False
gene:ENSG00000105722	42250444	42250565	< 0.05	ERF	-	False	False	False
gene:ENSG00000105856	107179626	107180062		HBP1	+	False	False	False
gene:ENSG00000105983	156763669	156763795	> 0.10	LMBR1	-	True	False	False
gene:ENSG00000106066	29064061	29064234	< 0.05	CPVL	-	True	True	True
gene:ENSG00000106070	50674436	50674658		GRB10	-	False	False	False
gene:ENSG00000106078	51136158	51136331	> 0.10	COBL	-	True	False	False
gene:ENSG00000106348	128392277	128393028	> 0.10	IMPDH1	-	True	True	False
gene:ENSG00000106610	67308935	67309139		STAG3L4	+	True	True	True
gene:ENSG00000106723	88448941	88448989	< 0.05	SPIN1	+	False	False	False
gene:ENSG00000106771	109073248	109073438		TMEM245	-	False	False	False
gene:ENSG00000107036	5753200	5753238		RIC1	+	True	False	False
gene:ENSG00000107077	7127907	7128236	> 0.10	KDM4C	+	True	True	True
gene:ENSG00000107669	121910906	121911151	< 0.05	ATE1	-	True	True	False
gene:ENSG00000107679	122393105	122393341		PLEKHA1	+	False	False	False
gene:ENSG00000107758	73446492	73446576		PPP3CB	-	True	True	True
gene:ENSG00000107862	102358039	102358186		GBF1	+	True	True	True
gene:ENSG00000107937	997208	997308	< 0.05	GTPBP4	+	False	False	False
gene:ENSG00000107938	125763301	125763706	< 0.05	EDRF1	+	False	False	False
gene:ENSG00000107951	30336803	30337031		MTPAP	-	False	False	False
gene:ENSG00000108064	58388190	58388260	< 0.05	TFAM	+	False	False	False
gene:ENSG00000108175	79277179	79277325	< 0.05	ZMIZ1	+	False	False	False
gene:ENSG00000108219	80504728	80504778	< 0.05	TSPAN14	+	False	False	False
gene:ENSG00000108389	58508322	58508564	< 0.05	MTMR4	-	False	False	False
gene:ENSG00000108443	59935193	59935300	< 0.05	RPS6KB1	+	False	False	False
gene:ENSG00000108509	4986192	4986286	< 0.05	CAMTA2	-	False	False	False
gene:ENSG00000108578	30289373	30289482	< 0.05	BLMH	-	False	False	False
gene:ENSG00000108587	30480856	30481342	> 0.10	GOSR1	+	False	False	False
gene:ENSG00000108604	63837441	63837625	< 0.05	SMARCD2	-	False	False	False
gene:ENSG00000108641	19347784	19347880	> 0.10	B9D1	-	True	True	False
gene:ENSG00000108669	78708197	78708261	< 0.05	CYTH1	-	False	False	False
gene:ENSG00000108848	50750724	50751013		LUC7L3	+	False	False	False
gene:ENSG00000108883	44868287	44868350	< 0.05	EFTUD2	-	False	False	False
gene:ENSG00000108960	55403767	55403868		MMD	-	True	False	False
gene:ENSG00000109118	28926991	28927063	> 0.10	PHF12	-	False	False	False
gene:ENSG00000109184	51863437	51863507	> 0.10	DCUN1D4	+	False	False	False
gene:ENSG00000109320	102537858	102537956	< 0.05	NFKB1	+	True	True	True
gene:ENSG00000109381	139139413	139139497	> 0.10	ELF2	-	False	False	False
gene:ENSG00000109572	169689043	169689230	< 0.05	CLCN3	+	False	False	False
gene:ENSG00000109685	1951999	1952231	< 0.05	NSD2	+	False	False	False
gene:ENSG00000109787	38688585	38689071		KLF3	+	True	False	False
gene:ENSG00000109881	27341392	27341550	> 0.10	CCDC34	-	True	False	False
gene:ENSG00000109920	47754528	47754664	< 0.05	FNBP4	-	False	False	False
gene:ENSG00000110031	58526871	58527723		LPXN	-	True	True	False
gene:ENSG00000110066	68185781	68185928	< 0.05	KMT5B	-	False	False	False
gene:ENSG00000110075	68586276	68588024	> 0.10	PPP6R3	+	True	True	False
gene:ENSG00000110172	90211215	90211335	< 0.05	CHORDC1	-	False	False	False
gene:ENSG00000110328	11332694	11332831	< 0.05	GALNT18	-	True	False	False
gene:ENSG00000110330	102348598	102349013	< 0.05	BIRC2	+	False	False	False
gene:ENSG00000110367	118757171	118757287	< 0.05	DDX6	-	False	False	False
gene:ENSG00000110446	60939480	60939638		SLC15A3	-	True	True	False
gene:ENSG00000110492	46382294	46382461	< 0.05	MDK	+	False	False	False
gene:ENSG00000110619	3039194	3039292	< 0.05	CARS	-	False	False	False
gene:ENSG00000110713	3775882	3776021	< 0.05	NUP98	-	False	False	False
gene:ENSG00000110721	68097019	68097130	< 0.05	CHKA	-	False	False	False
gene:ENSG00000110880	108678272	108678394	< 0.05	CORO1C	-	False	False	False
gene:ENSG00000110888	30751071	30751133	> 0.10	CAPRIN2	-	False	False	False
gene:ENSG00000110911	51000313	51000419	< 0.05	SLC11A2	-	False	False	False
gene:ENSG00000111231	110464780	110465214	< 0.05	GPN3	-	False	False	False
gene:ENSG00000111450	130801415	130801488	< 0.05	STX2	-	False	False	False
gene:ENSG00000111530	67297407	67297663	< 0.05	CAND1	+	False	False	False
gene:ENSG00000111581	68715627	68715740		NUP107	+	False	False	False
gene:ENSG00000111596	70334435	70335833		CNOT2	+	False	False	False
gene:ENSG00000111647	100083016	100083134		UHRF1BP1L	-	True	False	False
gene:ENSG00000111707	118384012	118384067	< 0.05	SUDS3	+	False	False	False
gene:ENSG00000111731	22506711	22506967		C2CD5	-	True	True	True
gene:ENSG00000111801	26448728	26448754	> 0.10	BTN3A3	+	True	False	False
gene:ENSG00000111906	125300277	125300659	> 0.10	HDDC2	-	False	False	False
gene:ENSG00000112078	36479591	36479711	< 0.05	KCTD20	+	False	False	False
gene:ENSG00000112118	52282653	52282861	< 0.05	MCM3	-	True	False	False
gene:ENSG00000112200	57099061	57099141	< 0.05	ZNF451	+	False	False	False
gene:ENSG00000112234	98899268	98899481	< 0.05	FBXL4	-	False	False	False
gene:ENSG00000112282	131591313	131591984	< 0.05	MED23	-	True	True	False
gene:ENSG00000112531	163455216	163455421	< 0.05	QKI	+	False	False	False
gene:ENSG00000112584	170348151	170348323		FAM120B	+	True	False	False
gene:ENSG00000112659	43212769	43213294		CUL9	+	True	True	True
gene:ENSG00000112701	75647292	75647801	> 0.10	SENP6	+	False	False	False
gene:ENSG00000112739	4062104	4062299	< 0.05	PRPF4B	+	True	False	False
gene:ENSG00000112763	26459481	26459828	> 0.10	BTN2A1	+	True	False	False
gene:ENSG00000112787	132567481	132567526	> 0.10	FBRSL1	+	False	False	False
gene:ENSG00000112855	140696521	140696614		HARS2	+	False	False	False
gene:ENSG00000113163	75371121	75374191	< 0.05	COL4A3BP	-	False	False	False
gene:ENSG00000113360	31495286	31495372	< 0.05	DROSHA	-	False	False	False
gene:ENSG00000113569	37305057	37305210	< 0.05	NUP155	-	True	False	False
gene:ENSG00000113580	143313999	143314168	< 0.05	NR3C1	-	False	False	False
gene:ENSG00000113643	168494550	168495151	< 0.05	RARS	+	False	False	False
gene:ENSG00000113649	146492869	146493038	< 0.05	TCERG1	+	False	False	False
gene:ENSG00000113658	136163272	136163391		SMAD5	+	False	False	False
gene:ENSG00000113716	150030317	150030839	< 0.05	HMGXB3	+	True	False	False
gene:ENSG00000113810	160412326	160412453	< 0.05	SMC4	+	False	False	False
gene:ENSG00000113851	3167430	3167793		CRBN	-	True	False	False
gene:ENSG00000114030	122451976	122452064	< 0.05	KPNA1	-	False	False	False
gene:ENSG00000114062	25409088	25409412	< 0.05	UBE3A	-	True	False	False
gene:ENSG00000114423	105776396	105776542	< 0.05	CBLB	-	False	False	False
gene:ENSG00000114742	39068771	39068859	< 0.05	WDR48	+	False	False	False
gene:ENSG00000114796	183663458	183663642		KLHL24	+	False	False	False
gene:ENSG00000114867	184315763	184315856	> 0.10	EIF4G1	+	True	True	False
gene:ENSG00000114904	52746734	52746904	> 0.10	NEK4	-	True	False	False
gene:ENSG00000114982	96619359	96619544		KANSL3	-	False	False	False
gene:ENSG00000114988	96734409	96734687		LMAN2L	-	False	False	False
gene:ENSG00000114999	112501206	112501341		TTL	+	False	False	False
gene:ENSG00000115170	157738440	157738570	< 0.05	ACVR1	-	False	False	False
gene:ENSG00000115317	74530597	74530821	< 0.05	HTRA2	+	False	False	False
gene:ENSG00000115365	210441308	210441443	< 0.05	LANCL1	-	False	False	False
gene:ENSG00000115368	189449245	189450968		WDR75	+	True	False	False
gene:ENSG00000115392	58165724	58165874	> 0.10	FANCL	-	True	False	False
gene:ENSG00000115464	61211772	61211929	< 0.05	USP34	-	False	False	False
gene:ENSG00000115504	62826087	62826581	< 0.05	EHBP1	+	False	False	False
gene:ENSG00000115548	86464053	86464216		KDM3A	+	True	True	True
gene:ENSG00000115641	105373559	105373733	< 0.05	FHL2	-	True	False	False
gene:ENSG00000115839	135090998	135091130	> 0.10	RAB3GAP1	+	False	False	False
gene:ENSG00000115942	200913295	200913413	> 0.10	ORC2	-	False	False	False
gene:ENSG00000115966	175080263	175080765	< 0.05	ATF2	-	True	True	True
gene:ENSG00000115970	43552068	43552339		THADA	-	True	True	False
gene:ENSG00000115993	201399377	201399510		TRAK2	-	True	False	False
gene:ENSG00000116001	70224424	70225066	> 0.10	TIA1	-	False	False	False
gene:ENSG00000116062	47798611	47801332		MSH6	+	False	False	False
gene:ENSG00000116120	222642851	222643005	> 0.10	FARSB	-	True	True	True
gene:ENSG00000116212	53951986	53952472	> 0.10	LRRC42	+	True	True	False
gene:ENSG00000116580	155813634	155813821	< 0.05	GON4L	-	False	False	False
gene:ENSG00000116584	155966416	155966479	> 0.10	ARHGEF2	-	True	True	False
gene:ENSG00000116604	156483239	156483430		MEF2D	-	False	False	False
gene:ENSG00000116698	183515874	183516086	< 0.05	SMG7	+	False	False	False
gene:ENSG00000116906	231265293	231265420	< 0.05	GNPAT	+	False	False	False
gene:ENSG00000116991	232403448	232403571	> 0.10	SIPA1L2	-	True	True	False
gene:ENSG00000117010	40541314	40541710		ZNF684	+	False	False	False
gene:ENSG00000117475	169378330	169378529		BLZF1	+	False	False	False
gene:ENSG00000117479	169469964	169470186	< 0.05	SLC19A2	-	False	False	False
gene:ENSG00000117593	173853349	173853567	< 0.05	DARS2	+	True	False	False
gene:ENSG00000117620	100011365	100011533	< 0.05	SLC35A3	+	True	True	True
gene:ENSG00000117625	211312237	211312487		RCOR3	+	False	False	False
gene:ENSG00000117697	212736956	212738686		NSL1	-	False	False	False
gene:ENSG00000117868	158767654	158767774	< 0.05	ESYT2	-	False	False	False
gene:ENSG00000118260	207555628	207555749	< 0.05	CREB1	+	False	False	False
gene:ENSG00000118298	150264593	150265078	< 0.05	CA14	+	True	False	False
gene:ENSG00000118454	70292146	70292549		ANKRD13C	-	True	True	True
gene:ENSG00000118600	63784970	63785389	> 0.10	RXYLT1	+	True	True	True
gene:ENSG00000118785	87980393	87980688	< 0.05	SPP1	+	True	False	False
gene:ENSG00000119231	196927796	196927879		SENP5	+	True	True	True
gene:ENSG00000119242	123944270	123944369	> 0.10	CCDC92	-	False	False	False
gene:ENSG00000119333	128635323	128635767	< 0.05	WDR34	-	False	False	False
gene:ENSG00000119397	121173243	121173509		CNTRL	+	True	False	False
gene:ENSG00000119402	120787769	120788278	> 0.10	FBXW2	-	False	False	False
gene:ENSG00000119403	120870443	120870538	< 0.05	PHF19	-	False	False	False
gene:ENSG00000119684	75038340	75038412		MLH3	-	True	False	False
gene:ENSG00000119688	74297639	74298069	> 0.10	ABCD4	-	True	False	False
gene:ENSG00000119787	38318835	38319019	< 0.05	ATL2	-	False	False	False
gene:ENSG00000119899	73641691	73641924	> 0.10	SLC17A5	-	True	False	False
gene:ENSG00000119953	110298648	110298810	> 0.10	SMNDC1	-	True	False	False
gene:ENSG00000120008	120858643	120858796		WDR11	+	True	False	False
gene:ENSG00000120029	102001971	102002072	> 0.10	ARMH3	-	True	True	True
gene:ENSG00000120071	46067549	46067667	< 0.05	KANSL1	-	False	False	False
gene:ENSG00000120253	149731398	149731735	< 0.05	NUP43	-	False	False	False
gene:ENSG00000120254	151009819	151009958	< 0.05	MTHFD1L	+	False	False	False
gene:ENSG00000120699	37004218	37004561	< 0.05	EXOSC8	+	False	False	False
gene:ENSG00000120798	95057731	95057878	< 0.05	NR2C1	-	False	False	False
gene:ENSG00000120910	22532225	22532306	> 0.10	PPP3CC	+	True	True	True
gene:ENSG00000120925	42870004	42870112	< 0.05	RNF170	-	True	False	False
gene:ENSG00000121057	57105441	57106012	> 0.10	AKAP1	+	False	False	False
gene:ENSG00000121060	56895521	56895604	< 0.05	TRIM25	-	False	False	False
gene:ENSG00000121067	49621946	49622067	> 0.10	SPOP	-	False	False	False
gene:ENSG00000121104	49722499	49722594		FAM117A	-	False	False	False
gene:ENSG00000121350	21454782	21455292	< 0.05	PYROXD1	+	True	False	False
gene:ENSG00000121481	185098072	185098344	< 0.05	RNF2	+	True	False	False
gene:ENSG00000121578	119230080	119230244	> 0.10	B4GALT4	-	True	False	False
gene:ENSG00000121741	20026519	20026762	< 0.05	ZMYM2	+	False	False	False
gene:ENSG00000121749	71872070	71872168	> 0.10	TBC1D15	+	True	True	False
gene:ENSG00000121892	39908395	39908884	< 0.05	PDS5A	-	False	False	False
gene:ENSG00000121897	39467518	39467646	< 0.05	LIAS	+	False	False	False
gene:ENSG00000121964	144005751	144007535		GTDC1	-	True	True	True
gene:ENSG00000122218	160332448	160332557	< 0.05	COPA	-	False	False	False
gene:ENSG00000122299	11761910	11762043	< 0.05	ZC3H7A	-	False	False	False
gene:ENSG00000122550	23140769	23140944	< 0.05	KLHL7	+	True	True	True
gene:ENSG00000122642	32975182	32975371	< 0.05	FKBP9	+	True	True	False
gene:ENSG00000122741	37854780	37854982	> 0.10	DCAF10	+	False	False	False
gene:ENSG00000123066	115975171	115975349	< 0.05	MED13L	-	False	False	False
gene:ENSG00000123106	28305649	28305806		CCDC91	+	True	True	True
gene:ENSG00000123124	86374030	86374120	> 0.10	WWP1	+	False	False	False
gene:ENSG00000123352	49514442	49514613	> 0.10	SPATS2	+	True	False	False
gene:ENSG00000123374	55971044	55971099	< 0.05	CDK2	+	True	False	False
gene:ENSG00000123505	110887505	110887591	< 0.05	AMD1	+	False	False	False
gene:ENSG00000123983	222887830	222887888	< 0.05	ACSL3	+	False	False	False
gene:ENSG00000124067	67962244	67963559	< 0.05	SLC12A4	-	False	False	False
gene:ENSG00000124198	48976016	48976199	< 0.05	ARFGEF2	+	True	False	False
gene:ENSG00000124207	49072568	49072697	< 0.05	CSE1L	+	False	False	False
gene:ENSG00000124209	58353273	58353344	< 0.05	RAB22A	+	False	False	False
gene:ENSG00000124422	21028542	21028674	< 0.05	USP22	-	False	False	False
gene:ENSG00000124571	43546571	43546752	< 0.05	XPO5	-	True	True	False
gene:ENSG00000124608	44306280	44306391	> 0.10	AARS2	-	True	True	True
gene:ENSG00000124787	4999809	4999904	> 0.10	RPP40	-	False	False	False
gene:ENSG00000124942	62536469	62536567	> 0.10	AHNAK	-	False	False	False
gene:ENSG00000125485	132618330	132618441	< 0.05	DDX31	-	False	False	False
gene:ENSG00000125505	54188433	54188511	< 0.05	MBOAT7	-	False	False	False
gene:ENSG00000125629	118103197	118103321	< 0.05	INSIG2	+	False	False	False
gene:ENSG00000125676	123623105	123623328	> 0.10	THOC2	-	True	False	False
gene:ENSG00000125772	5575413	5575545	< 0.05	GPCPD1	-	False	False	False
gene:ENSG00000125846	18306271	18306393	< 0.05	ZNF133	+	False	False	False
gene:ENSG00000125871	17989939	17991122	> 0.10	MGME1	+	False	False	False
gene:ENSG00000125967	33659885	33660058	< 0.05	NECAB3	-	False	False	False
gene:ENSG00000126001	35501845	35501966	< 0.05	CEP250	+	True	False	False
gene:ENSG00000126214	103685638	103686211	< 0.05	KLC1	+	True	True	True
gene:ENSG00000126226	113185485	113185560		PCID2	-	False	False	False
gene:ENSG00000126261	34430576	34430659		UBA2	+	False	False	False
gene:ENSG00000126461	49646715	49646830	< 0.05	SCAF1	+	False	False	False
gene:ENSG00000126561	42306114	42306447	< 0.05	STAT5A	+	False	False	False
gene:ENSG00000126705	27558706	27558883		AHDC1	-	False	False	False
gene:ENSG00000126767	47641232	47641475	< 0.05	ELK1	-	True	True	True
gene:ENSG00000126773	60133970	60134814	< 0.05	PCNX4	+	False	False	False
gene:ENSG00000126870	158934418	158934549	< 0.05	WDR60	+	False	False	False
gene:ENSG00000126883	131150324	131150410	< 0.05	NUP214	+	False	False	False
gene:ENSG00000127481	19145793	19145933	< 0.05	UBR4	-	False	False	False
gene:ENSG00000127483	20780345	20780541	> 0.10	HP1BP3	-	False	False	False
gene:ENSG00000127663	5039836	5040011	< 0.05	KDM4B	+	True	False	False
gene:ENSG00000127720	82430893	82430987	> 0.10	METTL25	+	True	False	False
gene:ENSG00000127914	92061260	92061422	< 0.05	AKAP9	+	False	False	False
gene:ENSG00000127947	77571078	77571186	< 0.05	PTPN12	+	False	False	False
gene:ENSG00000127980	92506994	92507823	> 0.10	PEX1	-	True	True	True
gene:ENSG00000127990	94626826	94628359	< 0.05	SGCE	-	True	False	False
gene:ENSG00000128563	102365955	102366076	> 0.10	PRKRIP1	+	False	False	False
gene:ENSG00000128585	131429033	131429145	< 0.05	MKLN1	+	False	False	False
gene:ENSG00000128595	128748573	128748804	< 0.05	CALU	+	False	False	False
gene:ENSG00000128654	176296860	176296907	< 0.05	MTX2	+	False	False	False
gene:ENSG00000128699	189782422	189782602	> 0.10	ORMDL1	-	False	False	False
gene:ENSG00000128915	60442416	60443071	> 0.10	ICE2	-	False	False	False
gene:ENSG00000129083	14498838	14498985	> 0.10	COPB1	-	False	False	False
gene:ENSG00000129219	4808274	4808451	> 0.10	PLD2	+	True	True	False
gene:ENSG00000129467	24322066	24322363	> 0.10	ADCY4	-	True	False	False
gene:ENSG00000129691	38119095	38119363		ASH2L	+	True	True	True
gene:ENSG00000129696	33503748	33503935	> 0.10	TTI2	-	True	True	False
gene:ENSG00000130024	169721005	169721111	< 0.05	PHF10	-	False	False	False
gene:ENSG00000130340	157867547	157867633	< 0.05	SNX9	+	False	False	False
gene:ENSG00000130396	167864551	167864746	< 0.05	AFDN	+	False	False	False
gene:ENSG00000130511	18427351	18427423	< 0.05	SSBP4	+	False	False	False
gene:ENSG00000130529	49190696	49190773	< 0.05	TRPM4	+	True	False	False
gene:ENSG00000130669	39169532	39169757	> 0.10	PAK4	+	True	False	False
gene:ENSG00000130787	122853483	122854183	< 0.05	HIP1R	+	True	False	False
gene:ENSG00000130821	153694504	153694633	< 0.05	SLC6A8	+	False	False	False
gene:ENSG00000130826	154769167	154769310	< 0.05	DKC1	+	False	False	False
gene:ENSG00000130935	67721378	67721440	< 0.05	NOL11	+	False	False	False
gene:ENSG00000130956	96465337	96465498	< 0.05	HABP4	+	False	False	False
gene:ENSG00000131002	19599739	19599831		TXLNGY	+	True	False	False
gene:ENSG00000131013	149512155	149512302	< 0.05	PPIL4	-	False	False	False
gene:ENSG00000131238	40092398	40092507	< 0.05	PPT1	-	False	False	False
gene:ENSG00000131375	15212104	15212212	> 0.10	CAPN7	+	True	False	False
gene:ENSG00000131473	41898631	41898785	< 0.05	ACLY	-	False	False	False
gene:ENSG00000131503	140482580	140482667		ANKHD1	+	False	False	False
gene:ENSG00000131797	31705890	31706034	> 0.10	CLUHP3	+	True	False	False
gene:ENSG00000132017	13954340	13954437	< 0.05	DCAF15	+	False	False	False
gene:ENSG00000132424	99398051	99400311		PNISR	-	False	False	False
gene:ENSG00000132466	73141741	73141843	< 0.05	ANKRD17	-	False	False	False
gene:ENSG00000132478	75793443	75794198	< 0.05	UNK	+	True	False	False
gene:ENSG00000132481	75876718	75877264		TRIM47	-	False	False	False
gene:ENSG00000132570	134959040	134959120	< 0.05	PCBD2	+	False	False	False
gene:ENSG00000132600	68324683	68324790	> 0.10	PRMT7	+	False	False	False
gene:ENSG00000132604	69368376	69368482		TERF2	-	True	True	True
gene:ENSG00000132670	3005056	3005146	< 0.05	PTPRA	+	False	False	False
gene:ENSG00000132694	156986082	156986173	> 0.10	ARHGEF11	-	True	True	True
gene:ENSG00000132740	68911440	68911603		IGHMBP2	+	True	False	False
gene:ENSG00000132773	45341949	45342107	< 0.05	TOE1	+	True	True	False
gene:ENSG00000132819	57407543	57409333	> 0.10	RBM38	+	False	False	False
gene:ENSG00000132912	150753479	150753657	< 0.05	DCTN4	-	False	False	False
gene:ENSG00000132950	19837453	19837821	> 0.10	ZMYM5	-	True	False	False
gene:ENSG00000133026	8521092	8521519	> 0.10	MYH10	-	True	True	True
gene:ENSG00000133393	15873485	15873627	> 0.10	FOPNL	-	False	False	False
gene:ENSG00000133706	146144472	146144537	< 0.05	LARS	-	False	False	False
gene:ENSG00000133794	13356739	13356777	< 0.05	ARNTL	+	True	False	False
gene:ENSG00000133816	12213255	12213410		MICAL2	+	True	False	False
gene:ENSG00000133858	71634704	71634825	< 0.05	ZFC3H1	-	False	False	False
gene:ENSG00000133961	73355626	73355769	> 0.10	NUMB	-	False	False	False
gene:ENSG00000134030	48760182	48761689	> 0.10	CTIF	+	False	False	False
gene:ENSG00000134152	34145398	34145855	> 0.10	KATNBL1	-	False	False	False
gene:ENSG00000134250	119923637	119923984	< 0.05	NOTCH2	-	True	True	True
gene:ENSG00000134371	193249730	193249871	< 0.05	CDC73	+	False	False	False
gene:ENSG00000134444	62255407	62255478	> 0.10	RELCH	+	True	False	False
gene:ENSG00000134452	5906037	5906632		FBH1	+	False	False	False
gene:ENSG00000134644	31028758	31028864	< 0.05	PUM1	-	False	False	False
gene:ENSG00000134697	37576170	37576556	< 0.05	GNL2	-	False	False	False
gene:ENSG00000134709	59864632	59864666	< 0.05	HOOK1	+	True	True	False
gene:ENSG00000134744	52464963	52465173	< 0.05	TUT4	-	False	False	False
gene:ENSG00000134851	55411614	55412156	> 0.10	TMEM165	+	True	False	False
gene:ENSG00000134900	102637082	102637239	< 0.05	TPP2	+	True	True	True
gene:ENSG00000135048	71732351	71732520	< 0.05	CEMIP2	-	True	False	False
gene:ENSG00000135164	87170940	87171089	> 0.10	DMTF1	+	False	False	False
gene:ENSG00000135336	87653116	87653249		ORC3	+	False	False	False
gene:ENSG00000135341	90560076	90560234	< 0.05	MAP3K7	-	False	False	False
gene:ENSG00000135457	51118621	51118772	< 0.05	TFCP2	-	False	False	False
gene:ENSG00000135541	135302373	135302817	> 0.10	AHI1	-	True	False	False
gene:ENSG00000135655	62355331	62355386	> 0.10	USP15	+	False	False	False
gene:ENSG00000135679	68828771	68828931	< 0.05	MDM2	+	False	False	False
gene:ENSG00000135720	66730112	66730348	< 0.05	DYNC1LI2	-	False	False	False
gene:ENSG00000135763	229647510	229647752	< 0.05	URB2	+	True	True	False
gene:ENSG00000135776	229540606	229540752		ABCB10	-	False	False	False
gene:ENSG00000135801	229599194	229602919	> 0.10	TAF5L	-	True	True	False
gene:ENSG00000135823	180993363	180993425	< 0.05	STX6	-	True	True	False
gene:ENSG00000135829	182856532	182856578	< 0.05	DHX9	+	True	False	False
gene:ENSG00000135945	99449336	99449504		REV1	-	True	True	True
gene:ENSG00000135999	148690214	148690373	< 0.05	EPC2	+	False	False	False
gene:ENSG00000136051	105156507	105156792		WASHC4	+	False	False	False
gene:ENSG00000136068	58132078	58132931	> 0.10	FLNB	+	True	False	False
gene:ENSG00000136100	52417992	52418448	< 0.05	VPS36	-	False	False	False
gene:ENSG00000136111	75336921	75337040	< 0.05	TBC1D4	-	False	False	False
gene:ENSG00000136243	23196680	23196766	> 0.10	NUPL2	+	False	False	False
gene:ENSG00000136261	16685905	16687554	< 0.05	BZW2	+	False	False	False
gene:ENSG00000136451	57980603	57980804	< 0.05	VEZF1	-	True	True	True
gene:ENSG00000136536	159729009	159729175	> 0.10	MARCH7	+	True	False	False
gene:ENSG00000136631	150077094	150077231	< 0.05	VPS45	+	False	False	False
gene:ENSG00000136636	215579000	215579137	< 0.05	KCTD3	+	False	False	False
gene:ENSG00000136699	130157361	130157953	> 0.10	SMPD4	-	True	True	True
gene:ENSG00000136715	127954986	127955344	> 0.10	SAP130	-	True	False	False
gene:ENSG00000136731	128157252	128157346	< 0.05	UGGT1	+	False	False	False
gene:ENSG00000136754	26759062	26759238	> 0.10	ABI1	-	True	True	True
gene:ENSG00000136813	111440372	111440521	< 0.05	ECPAS	-	False	False	False
gene:ENSG00000136848	121770546	121770724	< 0.05	DAB2IP	+	True	False	False
gene:ENSG00000136870	101407929	101410660		ZNF189	+	False	False	False
gene:ENSG00000136932	97910168	97910616	> 0.10	TRMO	-	True	False	False
gene:ENSG00000136935	124928188	124928285	< 0.05	GOLGA1	-	True	True	True
gene:ENSG00000136960	119593752	119593860		ENPP2	-	True	True	True
gene:ENSG00000137177	17817020	17817233	< 0.05	KIF13A	-	True	True	False
gene:ENSG00000137478	73000990	73001134	< 0.05	FCHSD2	-	True	True	False
gene:ENSG00000137486	75290009	75290039	< 0.05	ARRB1	-	False	False	False
gene:ENSG00000137497	72021204	72021291	< 0.05	NUMA1	-	False	False	False
gene:ENSG00000137504	85663524	85663601		CREBZF	-	False	False	False
gene:ENSG00000137513	78478585	78478683	< 0.05	NARS2	-	False	False	False
gene:ENSG00000137776	58916574	58917020		SLTM	-	False	False	False
gene:ENSG00000137822	43404413	43404552	< 0.05	TUBGCP4	+	False	False	False
gene:ENSG00000137871	56666679	56666986		ZNF280D	-	True	False	False
gene:ENSG00000137996	100268074	100268295	> 0.10	RTCA	+	False	False	False
gene:ENSG00000138028	27102015	27102221		CGREF1	-	True	False	False
gene:ENSG00000138095	43948412	43948518	< 0.05	LRPPRC	-	False	False	False
gene:ENSG00000138101	25596086	25596456		DTNB	-	True	False	False
gene:ENSG00000138246	132484588	132484672	> 0.10	DNAJC13	+	True	False	False
gene:ENSG00000138286	73228060	73228184		FAM149B1	+	True	False	False
gene:ENSG00000138398	169604026	169604102	< 0.05	PPIG	+	False	False	False
gene:ENSG00000138399	169563225	169563390	> 0.10	FASTKD1	-	False	False	False
gene:ENSG00000138614	65598872	65598990	< 0.05	INTS14	-	False	False	False
gene:ENSG00000138621	75044386	75045168		PPCDC	+	True	True	False
gene:ENSG00000138641	88669860	88670023	> 0.10	HERC3	+	True	False	False
gene:ENSG00000138660	112265734	112265807	< 0.05	AP1AR	+	False	False	False
gene:ENSG00000138674	82881857	82881940	> 0.10	SEC31A	-	False	False	False
gene:ENSG00000138750	76124580	76124756	> 0.10	NUP54	-	False	False	False
gene:ENSG00000138814	101108954	101109078	< 0.05	PPP3CA	-	False	False	False
gene:ENSG00000139496	25320919	25321093	< 0.05	NUP58	+	False	False	False
gene:ENSG00000139567	51914439	51914585	< 0.05	ACVRL1	+	True	True	True
gene:ENSG00000139620	48671799	48671962		KANSL2	-	True	True	False
gene:ENSG00000139842	113233153	113233339	< 0.05	CUL4A	+	False	False	False
gene:ENSG00000139990	69122217	69122360		DCAF5	-	False	False	False
gene:ENSG00000140043	73879096	73879305	< 0.05	PTGR2	+	True	False	False
gene:ENSG00000140153	102194938	102195120		WDR20	+	True	False	False
gene:ENSG00000140262	57091789	57092023	< 0.05	TCF12	+	False	False	False
gene:ENSG00000140455	63587970	63588423	< 0.05	USP3	+	False	False	False
gene:ENSG00000140553	90942912	90943089	< 0.05	UNC45A	+	True	True	True
gene:ENSG00000140577	90593636	90595577	< 0.05	CRTC3	+	True	False	False
gene:ENSG00000140931	66609759	66610060	< 0.05	CMTM3	+	True	False	False
gene:ENSG00000141012	88841897	88842045		GALNS	-	False	False	False
gene:ENSG00000141027	16149451	16149517	> 0.10	NCOR1	-	True	True	True
gene:ENSG00000141076	69143178	69143389	< 0.05	UTP4	+	False	False	False
gene:ENSG00000141252	627174	627316	> 0.10	VPS53	-	True	True	False
gene:ENSG00000141376	61368327	61368494	< 0.05	BCAS3	+	True	True	False
gene:ENSG00000141380	26057589	26057742	< 0.05	SS18	-	False	False	False
gene:ENSG00000141446	21539920	21540009	> 0.10	ESCO1	-	True	False	False
gene:ENSG00000141524	78119062	78119392	> 0.10	TMC6	-	False	False	False
gene:ENSG00000141556	82870224	82870380		TBCD	+	False	False	False
gene:ENSG00000141568	82563354	82563548	< 0.05	FOXK2	+	False	False	False
gene:ENSG00000141570	79796250	79796315	< 0.05	CBX8	-	False	False	False
gene:ENSG00000141582	79835646	79835712	< 0.05	CBX4	-	False	False	False
gene:ENSG00000141646	51052326	51054993	< 0.05	SMAD4	+	False	False	False
gene:ENSG00000141699	42586053	42586432	> 0.10	RETREG3	-	True	True	False
gene:ENSG00000142046	41378281	41378519	> 0.10	TMEM91	+	False	False	False
gene:ENSG00000142230	47143494	47143605		SAE1	+	False	False	False
gene:ENSG00000142453	10908039	10908145	< 0.05	CARM1	+	False	False	False
gene:ENSG00000142687	35478966	35479212	> 0.10	KIAA0319L	-	True	False	False
gene:ENSG00000143033	93133703	93133808	< 0.05	MTF2	+	False	False	False
gene:ENSG00000143036	94894818	94895246		SLC44A3	+	True	False	False
gene:ENSG00000143207	176116624	176116681	< 0.05	COP1	-	False	False	False
gene:ENSG00000143398	151223880	151224279		PIP5K1A	+	True	True	True
gene:ENSG00000143442	151430666	151430841		POGZ	-	True	True	True
gene:ENSG00000143493	211946607	211946705	< 0.05	INTS7	-	False	False	False
gene:ENSG00000143748	224303723	224303857		NVL	-	True	False	False
gene:ENSG00000143776	227100992	227101239	< 0.05	CDC42BPA	-	False	False	False
gene:ENSG00000143793	228102478	228102560	< 0.05	C1orf35	-	False	False	False
gene:ENSG00000143815	225406562	225406832		LBR	-	False	False	False
gene:ENSG00000143889	38585644	38585881	< 0.05	HNRNPLL	-	False	False	False
gene:ENSG00000143924	42280850	42280973		EML4	+	True	True	True
gene:ENSG00000143952	63914182	63914287	< 0.05	VPS54	-	False	False	False
gene:ENSG00000143995	66547943	66548019		MEIS1	+	True	False	False
gene:ENSG00000144136	112652270	112652798	< 0.05	SLC20A1	+	False	False	False
gene:ENSG00000144283	158603070	158603104		PKP4	+	False	False	False
gene:ENSG00000144320	175979810	175979868	< 0.05	LNPK	-	False	False	False
gene:ENSG00000144357	170015281	170015366	< 0.05	UBR3	+	False	False	False
gene:ENSG00000144535	232130619	232131890	< 0.05	DIS3L2	+	True	True	False
gene:ENSG00000144559	11807294	11807895		TAMM41	-	True	True	True
gene:ENSG00000144580	218580561	218580740	< 0.05	CNOT9	+	False	False	False
gene:ENSG00000144674	37319063	37320382	< 0.05	GOLGA4	+	False	False	False
gene:ENSG00000144677	37964571	37964672	> 0.10	CTDSPL	+	True	False	False
gene:ENSG00000144744	69056612	69056693	< 0.05	UBA3	-	False	False	False
gene:ENSG00000144747	69044492	69044628		TMF1	-	False	False	False
gene:ENSG00000144895	150562542	150562908	< 0.05	EIF2A	+	False	False	False
gene:ENSG00000145216	53399730	53399839	> 0.10	FIP1L1	+	False	False	False
gene:ENSG00000145348	106236759	106236808		TBCK	-	True	True	False
gene:ENSG00000145388	118703935	118704051	< 0.05	METTL14	+	False	False	False
gene:ENSG00000145390	119269691	119269837	< 0.05	USP53	+	True	False	False
gene:ENSG00000145495	10386925	10387066	< 0.05	MARCH6	+	False	False	False
gene:ENSG00000145687	81615056	81615557	< 0.05	SSBP2	-	False	False	False
gene:ENSG00000145725	103177667	103177774	> 0.10	PPIP5K2	+	True	False	False
gene:ENSG00000145780	115542950	115543683	< 0.05	FEM1C	-	False	False	False
gene:ENSG00000145833	134785465	134785586		DDX46	+	False	False	False
gene:ENSG00000145868	148398997	148399537	< 0.05	FBXO38	+	False	False	False
gene:ENSG00000145982	5368550	5369182	< 0.05	FARS2	+	True	True	False
gene:ENSG00000146409	132772132	132772249	< 0.05	SLC18B1	-	False	False	False
gene:ENSG00000146457	159753460	159753614	> 0.10	WTAP	+	False	False	False
gene:ENSG00000146729	55983728	55983868	> 0.10	NIPSNAP2	+	False	False	False
gene:ENSG00000146872	62600651	62600820	< 0.05	TLK2	+	True	False	False
gene:ENSG00000146918	158631311	158631717	< 0.05	NCAPG2	-	False	False	False
gene:ENSG00000147044	41523951	41524713	> 0.10	CASK	-	True	False	False
gene:ENSG00000147130	71250432	71250726	< 0.05	ZMYM3	-	True	True	False
gene:ENSG00000147133	71421309	71421376	> 0.10	TAF1	+	True	False	False
gene:ENSG00000147162	71547907	71548023		OGT	+	False	False	False
gene:ENSG00000147854	6497198	6497360	> 0.10	UHRF2	+	False	False	False
gene:ENSG00000147905	37304188	37304313	< 0.05	ZCCHC7	+	False	False	False
gene:ENSG00000148090	91356088	91356155	> 0.10	AUH	-	False	False	False
gene:ENSG00000148468	15248639	15248815	< 0.05	FAM171A1	-	True	False	False
gene:ENSG00000148606	78007702	78007866	< 0.05	POLR3A	-	True	True	False
gene:ENSG00000148634	68044404	68044563	> 0.10	HERC4	-	True	False	False
gene:ENSG00000148660	73817479	73817782	> 0.10	CAMK2G	-	True	True	True
gene:ENSG00000148690	93687404	93687941	< 0.05	FRA10AC1	-	False	False	False
gene:ENSG00000148737	113146011	113146097	< 0.05	TCF7L2	+	False	False	False
gene:ENSG00000148814	132350400	132351753	> 0.10	LRRC27	+	True	True	False
gene:ENSG00000148842	103056795	103056964		CNNM2	+	True	True	True
gene:ENSG00000149231	96383961	96384990		CCDC82	-	False	False	False
gene:ENSG00000149428	119056070	119056167		HYOU1	-	False	False	False
gene:ENSG00000149480	62600622	62600689	< 0.05	MTA2	-	False	False	False
gene:ENSG00000149485	61813243	61813353	< 0.05	FADS1	-	False	False	False
gene:ENSG00000149532	61428898	61429304	> 0.10	CPSF7	-	False	False	False
gene:ENSG00000150401	113480466	113480743	< 0.05	DCUN1D2	-	False	False	False
gene:ENSG00000150593	110881233	110881535	< 0.05	PDCD4	+	False	False	False
gene:ENSG00000150938	36476889	36477071	< 0.05	CRIM1	+	True	False	False
gene:ENSG00000151092	25736004	25736149	< 0.05	NGLY1	-	False	False	False
gene:ENSG00000151148	109529890	109530072	< 0.05	UBE3B	+	True	True	True
gene:ENSG00000151240	310031	310092	> 0.10	DIP2C	-	True	True	True
gene:ENSG00000151276	65364853	65364946	> 0.10	MAGI1	-	False	False	False
gene:ENSG00000151292	123604724	123604830	> 0.10	CSNK1G3	+	True	True	True
gene:ENSG00000151332	36316693	36316812	< 0.05	MBIP	-	False	False	False
gene:ENSG00000151348	44171611	44171911	< 0.05	EXT2	+	True	False	False
gene:ENSG00000151353	675510	675630	> 0.10	TMEM18	-	False	False	False
gene:ENSG00000151414	198253040	198253180	< 0.05	NEK7	+	False	False	False
gene:ENSG00000151466	128936655	128936851	> 0.10	SCLT1	-	True	False	False
gene:ENSG00000151470	129109473	129109966	< 0.05	C4orf33	+	True	False	False
gene:ENSG00000151743	31671137	31672377	< 0.05	AMN1	-	True	True	True
gene:ENSG00000151779	15417527	15417712	< 0.05	NBAS	-	False	False	False
gene:ENSG00000151881	43446342	43446557	< 0.05	TMEM267	-	False	False	False
gene:ENSG00000152061	174275833	174275935		RABGAP1L	+	False	False	False
gene:ENSG00000152256	172570585	172570824	> 0.10	PDK1	+	False	False	False
gene:ENSG00000152601	152445282	152445539	< 0.05	MBNL1	+	False	False	False
gene:ENSG00000152818	144827611	144827676	< 0.05	UTRN	+	True	True	True
gene:ENSG00000152904	235341708	235341778	< 0.05	GGPS1	+	False	False	False
gene:ENSG00000153071	39381454	39381616	> 0.10	DAB2	-	True	True	True
gene:ENSG00000153208	111982842	111982993	< 0.05	MERTK	+	True	True	True
gene:ENSG00000153339	31897786	31897891	< 0.05	TRAPPC8	-	False	False	False
gene:ENSG00000153560	33396162	33396302	< 0.05	UBP1	-	False	False	False
gene:ENSG00000153815	81607564	81607692	< 0.05	CMIP	+	False	False	False
gene:ENSG00000153827	229805730	229806149	< 0.05	TRIP12	-	False	False	False
gene:ENSG00000153922	98868495	98868635	> 0.10	CHD1	-	True	False	False
gene:ENSG00000153944	57262115	57262433	< 0.05	MSI2	+	True	False	False
gene:ENSG00000154380	225530554	225530638	> 0.10	ENAH	-	True	True	True
gene:ENSG00000154845	9563378	9563866	> 0.10	PPP4R1	-	True	False	False
gene:ENSG00000155100	91078356	91079207	> 0.10	OTUD6B	+	True	False	False
gene:ENSG00000155189	6747670	6747828	< 0.05	AGPAT5	+	False	False	False
gene:ENSG00000155229	97480895	97481042	> 0.10	MMS19	-	True	True	True
gene:ENSG00000155256	97748269	97748364	< 0.05	ZFYVE27	+	False	False	False
gene:ENSG00000155275	8446476	8446590	> 0.10	TRMT44	+	True	False	False
gene:ENSG00000155313	15791495	15791664		USP25	+	False	False	False
gene:ENSG00000155561	135614159	135614273	< 0.05	NUP205	+	False	False	False
gene:ENSG00000156171	111137523	111137586	> 0.10	DRAM2	-	False	False	False
gene:ENSG00000156304	31692349	31692449	< 0.05	SCAF4	-	False	False	False
gene:ENSG00000156802	123325893	123326026	< 0.05	ATAD2	-	False	False	False
gene:ENSG00000156931	184924862	184924981		VPS8	+	True	True	True
gene:ENSG00000157014	10279221	10281218	> 0.10	TATDN2	+	False	False	False
gene:ENSG00000157106	18829926	18830115	< 0.05	SMG1	-	False	False	False
gene:ENSG00000157107	73068650	73068779	< 0.05	FCHO2	+	False	False	False
gene:ENSG00000157216	54404858	54404930	< 0.05	SSBP3	-	False	False	False
gene:ENSG00000157353	70468849	70468974	> 0.10	FUK	+	True	True	False
gene:ENSG00000157426	56354039	56354211		AASDH	-	True	False	False
gene:ENSG00000157538	37240496	37240639	> 0.10	VPS26C	-	False	False	False
gene:ENSG00000157800	140335455	140335504	< 0.05	SLC37A3	-	False	False	False
gene:ENSG00000157837	120784203	120784593	< 0.05	SPPL3	-	False	False	False
gene:ENSG00000157933	2302978	2303103	> 0.10	SKI	+	False	False	False
gene:ENSG00000158161	27997320	27997378	> 0.10	EYA3	-	True	True	False
gene:ENSG00000158321	70774787	70775386	< 0.05	AUTS2	+	True	False	False
gene:ENSG00000158470	49646965	49647078		B4GALT5	-	False	False	False
gene:ENSG00000158545	88598178	88598326		ZC3H18	+	True	True	False
gene:ENSG00000158717	88699620	88700056	< 0.05	RNF166	-	False	False	False
gene:ENSG00000158796	161124340	161124526	< 0.05	DEDD	-	True	True	True
gene:ENSG00000158882	161227884	161227989	> 0.10	TOMM40L	+	True	True	False
gene:ENSG00000158941	22613885	22614314	< 0.05	CCAR2	+	False	False	False
gene:ENSG00000158985	131359209	131359558	< 0.05	CDC42SE2	+	True	True	False
gene:ENSG00000159023	29035826	29035923	< 0.05	EPB41	+	False	False	False
gene:ENSG00000159086	32755213	32755353		PAXBP1	-	False	False	False
gene:ENSG00000159128	33414888	33415020		IFNGR2	+	False	False	False
gene:ENSG00000159202	48915720	48916187	< 0.05	UBE2Z	+	False	False	False
gene:ENSG00000159363	16989691	16989770	> 0.10	ATP13A2	-	True	False	False
gene:ENSG00000159461	56414252	56414344	< 0.05	AMFR	-	False	False	False
gene:ENSG00000159579	57208050	57208110	< 0.05	RSPRY1	+	False	False	False
gene:ENSG00000159593	66826099	66826583	< 0.05	NAE1	-	False	False	False
gene:ENSG00000159788	3414072	3414242	> 0.10	RGS12	+	True	True	True
gene:ENSG00000160087	1267733	1267992		UBE2J2	-	False	False	False
gene:ENSG00000160216	43959634	43959859	< 0.05	AGPAT3	+	False	False	False
gene:ENSG00000160218	44098357	44098534	> 0.10	TRAPPC10	+	True	True	True
gene:ENSG00000160271	133104263	133104331	< 0.05	RALGDS	-	False	False	False
gene:ENSG00000160299	46431529	46432215	< 0.05	PCNT	+	False	False	False
gene:ENSG00000160305	46563660	46563932	< 0.05	DIP2A	+	False	False	False
gene:ENSG00000160447	128716747	128716923	< 0.05	PKN3	+	True	False	False
gene:ENSG00000160584	116867688	116868089	> 0.10	SIK3	-	False	False	False
gene:ENSG00000160746	43598532	43598666	< 0.05	ANO10	-	True	True	False
gene:ENSG00000160796	47003816	47003976	< 0.05	NBEAL2	+	False	False	False
gene:ENSG00000160803	156051706	156051857	< 0.05	UBQLN4	-	False	False	False
gene:ENSG00000161513	74866784	74867005	> 0.10	FDXR	-	True	False	False
gene:ENSG00000161533	75960215	75960375	< 0.05	ACOX1	-	True	False	False
gene:ENSG00000162129	72358880	72359008	< 0.05	CLPB	-	True	True	False
gene:ENSG00000162222	62735382	62736243	< 0.05	TTC9C	+	False	False	False
gene:ENSG00000162402	55085942	55086434	< 0.05	USP24	-	False	False	False
gene:ENSG00000162434	64886259	64886341	< 0.05	JAK1	-	True	False	False
gene:ENSG00000162599	61383237	61383365	< 0.05	NFIA	+	False	False	False
gene:ENSG00000162601	58661406	58661511	< 0.05	MYSM1	-	False	False	False
gene:ENSG00000162613	77968165	77968203	< 0.05	FUBP1	-	False	False	False
gene:ENSG00000162650	109492586	109492804		ATXN7L2	+	True	True	True
gene:ENSG00000162664	90010088	90010286	> 0.10	ZNF326	+	False	False	False
gene:ENSG00000162980	151815139	151815199	< 0.05	ARL5A	-	False	False	False
gene:ENSG00000163002	183157444	183157513	< 0.05	NUP35	+	False	False	False
gene:ENSG00000163104	94270567	94270818	< 0.05	SMARCAD1	+	True	True	False
gene:ENSG00000163312	83421563	83421736	< 0.05	HELQ	-	True	True	False
gene:ENSG00000163320	88057638	88058223	< 0.05	CGGBP1	-	False	False	False
gene:ENSG00000163374	155680382	155680456	< 0.05	YY1AP1	-	True	True	False
gene:ENSG00000163482	218688697	218688781	> 0.10	STK36	+	True	False	False
gene:ENSG00000163513	30671638	30672437	< 0.05	TGFBR2	+	False	False	False
gene:ENSG00000163516	219234814	219235312	< 0.05	ANKZF1	+	False	False	False
gene:ENSG00000163520	13631329	13631457	< 0.05	FBLN2	+	True	False	False
gene:ENSG00000163527	31600360	31600459	< 0.05	STT3B	+	False	False	False
gene:ENSG00000163539	33584750	33584920	> 0.10	CLASP2	-	True	True	False
gene:ENSG00000163605	73064003	73064146		PPP4R2	+	False	False	False
gene:ENSG00000163659	156677657	156678614	< 0.05	TIPARP	+	False	False	False
gene:ENSG00000163681	57896511	57896591		SLMAP	+	False	False	False
gene:ENSG00000163714	143020599	143020693	< 0.05	U2SURP	+	False	False	False
gene:ENSG00000163811	28935521	28935740	< 0.05	WDR43	+	True	False	False
gene:ENSG00000163877	37540157	37541594	< 0.05	SNIP1	-	False	False	False
gene:ENSG00000163913	129469342	129469417		IFT122	+	True	True	True
gene:ENSG00000163918	186794658	186794859	< 0.05	RFC4	-	False	False	False
gene:ENSG00000163964	196722415	196722556	> 0.10	PIGX	+	True	True	True
gene:ENSG00000164024	99039203	99039465	< 0.05	METAP1	+	False	False	False
gene:ENSG00000164053	48464831	48465083	> 0.10	ATRIP	+	True	True	False
gene:ENSG00000164073	127932319	127933713	> 0.10	MFSD8	-	True	True	False
gene:ENSG00000164074	128017358	128017501		ABHD18	+	False	False	False
gene:ENSG00000164091	52266952	52268138	< 0.05	WDR82	-	False	False	False
gene:ENSG00000164144	152882723	152882880	< 0.05	ARFIP1	+	False	False	False
gene:ENSG00000164163	145104386	145104515		ABCE1	+	False	False	False
gene:ENSG00000164253	77463093	77463226	< 0.05	WDR41	-	True	False	False
gene:ENSG00000164292	95763508	95763620	< 0.05	RHOBTB3	+	False	False	False
gene:ENSG00000164329	79644646	79645192	> 0.10	TENT2	+	False	False	False
gene:ENSG00000164414	87501158	87501310	> 0.10	SLC35A1	+	True	True	True
gene:ENSG00000164535	6445953	6446104	< 0.05	DAGLB	-	False	False	False
gene:ENSG00000164597	107258273	107258383		COG5	-	False	False	False
gene:ENSG00000164654	7572436	7573769	> 0.10	MIOS	+	True	False	False
gene:ENSG00000164828	838796	839180	< 0.05	SUN1	+	True	True	False
gene:ENSG00000164933	103403164	103403324	< 0.05	SLC25A32	-	False	False	False
gene:ENSG00000164941	94865506	94865700	< 0.05	INTS8	+	False	False	False
gene:ENSG00000164944	94511996	94512455	< 0.05	VIRMA	-	False	False	False
gene:ENSG00000164961	125044486	125044698	> 0.10	WASHC5	-	True	False	False
gene:ENSG00000165102	43196948	43197025	> 0.10	HGSNAT	+	True	False	False
gene:ENSG00000165209	123160977	123161068	< 0.05	STRBP	-	True	False	False
gene:ENSG00000165406	45461083	45462204		MARCH8	-	True	False	False
gene:ENSG00000165458	72227881	72228253	< 0.05	INPPL1	+	False	False	False
gene:ENSG00000165650	117290186	117290348	< 0.05	PDZD8	-	True	False	False
gene:ENSG00000165684	136384720	136384814		SNAPC4	-	False	False	False
gene:ENSG00000165699	132902605	132902787	< 0.05	TSC1	-	True	False	False
gene:ENSG00000165912	47183004	47183321	> 0.10	PACSIN3	-	False	False	False
gene:ENSG00000166024	98231512	98231687	< 0.05	R3HCC1L	+	True	True	True
gene:ENSG00000166037	95812904	95813111	< 0.05	CEP57	+	False	False	False
gene:ENSG00000166169	101585862	101586156		POLL	-	True	True	False
gene:ENSG00000166233	72518067	72518134	< 0.05	ARIH1	+	False	False	False
gene:ENSG00000166394	7665100	7665546		CYB5R2	-	True	True	True
gene:ENSG00000166411	78159970	78160206	< 0.05	IDH3A	+	False	False	False
gene:ENSG00000166471	9288442	9288542		TMEM41B	-	False	False	False
gene:ENSG00000166532	8780575	8780739	> 0.10	RIMKLB	+	True	True	False
gene:ENSG00000166734	44331988	44332078	< 0.05	CASC4	+	False	False	False
gene:ENSG00000166887	42191261	42191560		VPS39	-	True	False	False
gene:ENSG00000166974	35070195	35070644	< 0.05	MAPRE2	+	False	False	False
gene:ENSG00000167081	125963012	125963101	< 0.05	PBX3	+	True	True	True
gene:ENSG00000167110	128265970	128266020	< 0.05	GOLGA2	-	False	False	False
gene:ENSG00000167202	78044900	78045068	< 0.05	TBC1D2B	-	True	False	False
gene:ENSG00000167264	68053564	68054035	< 0.05	DUS2	+	True	False	False
gene:ENSG00000167491	19492306	19492438	< 0.05	GATAD2A	+	False	False	False
gene:ENSG00000167522	89316933	89317078	> 0.10	ANKRD11	-	False	False	False
gene:ENSG00000167632	140439052	140439197	< 0.05	TRAPPC9	-	True	True	True
gene:ENSG00000167635	36228459	36228819	> 0.10	ZNF146	+	False	False	False
gene:ENSG00000167685	56146088	56146420	> 0.10	ZNF444	+	False	False	False
gene:ENSG00000167702	144468536	144468650	< 0.05	KIFC2	+	False	False	False
gene:ENSG00000167904	55750887	55751157	< 0.05	TMEM68	-	False	False	False
gene:ENSG00000167987	61134036	61134207	< 0.05	VPS37C	-	True	True	False
gene:ENSG00000168137	9435728	9435906	< 0.05	SETD5	+	False	False	False
gene:ENSG00000168268	52527617	52527768	< 0.05	NT5DC2	-	False	False	False
gene:ENSG00000168283	22326431	22326831		BMI1	+	False	False	False
gene:ENSG00000168297	58412901	58414527	< 0.05	PXK	+	True	False	False
gene:ENSG00000168300	51844809	51845763		PCMTD1	-	True	True	False
gene:ENSG00000168395	241722939	241723074		ING5	+	False	False	False
gene:ENSG00000168495	22248481	22248649	< 0.05	POLR3D	+	True	False	False
gene:ENSG00000168758	96865867	96865929	< 0.05	SEMA4C	-	False	False	False
gene:ENSG00000168802	69121436	69121493	< 0.05	CHTF8	-	False	False	False
gene:ENSG00000168803	43348907	43349412	> 0.10	ADAL	+	True	True	True
gene:ENSG00000168961	27645861	27645911	> 0.10	LGALS9	+	True	True	False
gene:ENSG00000169180	28152659	28152918		XPO6	-	True	True	True
gene:ENSG00000169188	55002962	55003108	< 0.05	APEX2	+	True	True	False
gene:ENSG00000169398	140717598	140717709	> 0.10	PTK2	-	False	False	False
gene:ENSG00000169519	28330396	28330760		METTL15	+	True	False	False
gene:ENSG00000169762	16213768	16213898	< 0.05	TAPT1	-	False	False	False
gene:ENSG00000169925	134048002	134048454		BRD3	-	True	True	False
gene:ENSG00000169992	7414344	7414493	< 0.05	NLGN2	+	True	False	False
gene:ENSG00000170011	40244446	40244607	< 0.05	MYRIP	+	True	True	True
gene:ENSG00000170185	143203408	143203566	< 0.05	USP38	+	True	False	False
gene:ENSG00000170242	11884467	11884705		USP47	+	False	False	False
gene:ENSG00000170248	33825187	33825340	< 0.05	PDCD6IP	+	False	False	False
gene:ENSG00000170266	33072544	33072715		GLB1	-	True	True	False
gene:ENSG00000170271	154834843	154835274	< 0.05	FAXDC2	-	True	True	True
gene:ENSG00000170525	6213623	6213748		PFKFB3	+	False	False	False
gene:ENSG00000170633	121416159	121416609		RNF34	+	True	True	False
gene:ENSG00000170759	32040384	32040457	< 0.05	KIF5B	-	False	False	False
gene:ENSG00000170832	60252381	60252442	< 0.05	USP32	-	False	False	False
gene:ENSG00000170871	6871574	6871682	< 0.05	KIAA0232	+	True	True	True
gene:ENSG00000171055	36581290	36581431	< 0.05	FEZ2	-	False	False	False
gene:ENSG00000171425	55644553	55645622		ZNF581	+	False	False	False
gene:ENSG00000171456	32431321	32431484	> 0.10	ASXL1	+	False	False	False
gene:ENSG00000171603	9751473	9751681	< 0.05	CLSTN1	-	False	False	False
gene:ENSG00000171723	66879939	66880033	> 0.10	GPHN	+	True	False	False
gene:ENSG00000171793	40983161	40983456	< 0.05	CTPS1	+	True	False	False
gene:ENSG00000172086	88036943	88037051		KRCC1	-	False	False	False
gene:ENSG00000172175	58733397	58733574	< 0.05	MALT1	+	True	False	False
gene:ENSG00000172201	19839210	19840684	< 0.05	ID4	+	True	True	False
gene:ENSG00000172273	119132496	119132573	> 0.10	HINFP	+	True	True	True
gene:ENSG00000172530	88004295	88004411	< 0.05	BANP	+	True	False	False
gene:ENSG00000172869	119216901	119216987	> 0.10	DMXL1	+	True	False	False
gene:ENSG00000172943	53984914	53985227	< 0.05	PHF8	-	False	False	False
gene:ENSG00000173064	112190786	112190965		HECTD4	-	True	False	False
gene:ENSG00000173226	121826051	121826180		IQCB1	-	True	False	False
gene:ENSG00000173402	49510224	49510821	> 0.10	DAG1	+	True	False	False
gene:ENSG00000173409	230990110	230990263		ARV1	+	False	False	False
gene:ENSG00000173473	47610066	47610327	< 0.05	SMARCC1	-	False	False	False
gene:ENSG00000173482	8378265	8378414	< 0.05	PTPRM	+	False	False	False
gene:ENSG00000173575	92953357	92954336	< 0.05	CHD2	+	False	False	False
gene:ENSG00000173581	55648758	55649077	> 0.10	CCDC106	+	False	False	False
gene:ENSG00000173744	227491547	227491640	< 0.05	AGFG1	+	False	False	False
gene:ENSG00000173757	42217377	42217464	< 0.05	STAT5B	-	False	False	False
gene:ENSG00000173818	80423520	80423816	> 0.10	ENDOV	+	True	True	False
gene:ENSG00000174227	533632	533981	> 0.10	PIGG	+	True	False	False
gene:ENSG00000174231	1681820	1682038	< 0.05	PRPF8	-	False	False	False
gene:ENSG00000174238	1558529	1558559	< 0.05	PITPNA	-	False	False	False
gene:ENSG00000174485	65702873	65703008	< 0.05	DENND4A	-	False	False	False
gene:ENSG00000174775	534212	534375	< 0.05	HRAS	-	False	False	False
gene:ENSG00000174943	29923190	29923361	< 0.05	KCTD13	-	True	False	False
gene:ENSG00000175470	131939776	131940196	> 0.10	PPP2R2D	+	True	True	False
gene:ENSG00000176155	82128493	82128600		CCDC57	-	False	False	False
gene:ENSG00000176407	85027889	85028056	< 0.05	KCMF1	+	False	False	False
gene:ENSG00000176915	132734385	132734575	< 0.05	ANKLE2	-	False	False	False
gene:ENSG00000176953	28955978	28956058		NFATC2IP	+	False	False	False
gene:ENSG00000177000	11794358	11794538	< 0.05	MTHFR	-	False	False	False
gene:ENSG00000177084	132664370	132664462	< 0.05	POLE	-	False	False	False
gene:ENSG00000177189	20176250	20176352	< 0.05	RPS6KA3	-	False	False	False
gene:ENSG00000177225	774008	774113	< 0.05	GATD1	-	False	False	False
gene:ENSG00000177646	128884653	128884746	> 0.10	ACAD9	+	False	False	False
gene:ENSG00000177917	152734994	152735126		ARL6IP6	+	False	False	False
gene:ENSG00000177963	209259	209318	< 0.05	RIC8A	+	False	False	False
gene:ENSG00000178234	152103112	152104892	< 0.05	GALNT11	+	True	False	False
gene:ENSG00000178761	74905154	74905231	> 0.10	FAM219B	-	True	False	False
gene:ENSG00000178950	913607	914029	< 0.05	GAK	-	False	False	False
gene:ENSG00000178971	8230563	8230933		CTC1	-	True	False	False
gene:ENSG00000179051	17408676	17409194	< 0.05	RCC2	-	False	False	False
gene:ENSG00000179151	74674861	74675142		EDC3	-	True	False	False
gene:ENSG00000179832	144240101	144240153	< 0.05	MROH1	+	False	False	False
gene:ENSG00000179912	57310264	57310463	> 0.10	R3HDM2	-	False	False	False
gene:ENSG00000180098	28567294	28567413	< 0.05	TRNAU1AP	+	False	False	False
gene:ENSG00000180229	20466195	20466370	> 0.10	HERC2P3	-	True	True	False
gene:ENSG00000180376	56566594	56566759	> 0.10	CCDC66	+	True	False	False
gene:ENSG00000180776	21381434	21381549	> 0.10	ZDHHC20	-	True	True	True
gene:ENSG00000181090	137790848	137790970	< 0.05	EHMT1	+	False	False	False
gene:ENSG00000181135	143693671	143695385		ZNF707	+	True	True	True
gene:ENSG00000181555	47097967	47098451	< 0.05	SETD2	-	False	False	False
gene:ENSG00000182095	5325096	5325574	> 0.10	TNRC18	-	True	True	True
gene:ENSG00000182446	81629725	81629805	< 0.05	NPLOC4	-	False	False	False
gene:ENSG00000182628	59131281	59131367		SKA2	-	False	False	False
gene:ENSG00000182670	37159519	37159745	> 0.10	TTC3	+	True	True	True
gene:ENSG00000182872	47147357	47147498	> 0.10	RBM10	+	False	False	False
gene:ENSG00000182973	32759458	32759571		CNOT10	+	False	False	False
gene:ENSG00000182979	105449043	105449409	< 0.05	MTA1	+	False	False	False
gene:ENSG00000182985	115240274	115240422		CADM1	-	False	False	False
gene:ENSG00000183010	81933307	81933376	< 0.05	PYCR1	-	True	False	False
gene:ENSG00000183020	959437	959505	< 0.05	AP2A2	+	False	False	False
gene:ENSG00000183597	20055943	20056241	> 0.10	TANGO2	+	False	False	False
gene:ENSG00000184014	9145670	9145815	< 0.05	DENND5A	-	False	False	False
gene:ENSG00000184313	54682656	54682794		MROH7	+	True	False	False
gene:ENSG00000184465	169651930	169652008	< 0.05	WDR27	-	False	False	False
gene:ENSG00000184575	64409657	64410095	< 0.05	XPOT	+	False	False	False
gene:ENSG00000184634	71126036	71126154	> 0.10	MED12	+	True	False	False
gene:ENSG00000184702	19721822	19721957	< 0.05	SEPT5	+	False	False	False
gene:ENSG00000184863	155741819	155742106	< 0.05	RBM33	+	True	True	True
gene:ENSG00000185049	1991544	1992244		NELFA	-	False	False	False
gene:ENSG00000185104	50857929	50857997	< 0.05	FAF1	-	False	False	False
gene:ENSG00000185515	155116057	155116188	< 0.05	BRCC3	+	True	False	False
gene:ENSG00000185658	39312563	39312900	< 0.05	BRWD1	-	True	True	True
gene:ENSG00000185684	132120420	132120601	> 0.10	EP400P1	+	False	False	False
gene:ENSG00000186566	44405921	44406051	> 0.10	GPATCH8	-	True	True	True
gene:ENSG00000186866	45283352	45283527	< 0.05	POFUT2	-	False	False	False
gene:ENSG00000186908	76845709	76845802	< 0.05	ZDHHC17	+	False	False	False
gene:ENSG00000187231	179121770	179121929		SESTD1	-	True	False	False
gene:ENSG00000187555	8930293	8930397	< 0.05	USP7	-	False	False	False
gene:ENSG00000188130	50255615	50255694	< 0.05	MAPK12	-	False	False	False
gene:ENSG00000188153	108696297	108697545	< 0.05	COL4A5	+	True	False	False
gene:ENSG00000188157	1043239	1043457	< 0.05	AGRN	+	False	False	False
gene:ENSG00000188352	20981426	20981686		FOCAD	+	True	False	False
gene:ENSG00000188559	20635351	20635617		RALGAPA2	-	False	False	False
gene:ENSG00000188735	121748326	121748442	< 0.05	TMEM120B	+	False	False	False
gene:ENSG00000188760	219549152	219549354	> 0.10	TMEM198	+	True	False	False
gene:ENSG00000188811	39047040	39047152	> 0.10	NHLRC3	+	False	False	False
gene:ENSG00000188895	40131537	40131584	< 0.05	MSL1	+	False	False	False
gene:ENSG00000189091	70554106	70554597	< 0.05	SF3B3	+	True	True	True
gene:ENSG00000189283	60535810	60536979	> 0.10	FHIT	-	True	False	False
gene:ENSG00000189337	15065630	15068155	< 0.05	KAZN	+	True	True	False
gene:ENSG00000196151	159256196	159256375	> 0.10	WDSUB1	-	False	False	False
gene:ENSG00000196305	92253362	92253453	< 0.05	IARS	-	False	False	False
gene:ENSG00000196313	72926262	72926477		POM121	+	False	False	False
gene:ENSG00000196387	133083103	133083229	< 0.05	ZNF140	+	True	False	False
gene:ENSG00000196458	132944798	132945797		ZNF605	-	False	False	False
gene:ENSG00000196498	124437930	124437996		NCOR2	-	False	False	False
gene:ENSG00000196504	152679129	152679472	< 0.05	PRPF40A	-	False	False	False
gene:ENSG00000196510	110396266	110396510		ANAPC7	-	False	False	False
gene:ENSG00000196588	40463221	40463434	< 0.05	MRTFA	-	False	False	False
gene:ENSG00000196591	113949168	113949323	< 0.05	HDAC2	-	False	False	False
gene:ENSG00000196642	136823525	136823659	< 0.05	RABL6	+	False	False	False
gene:ENSG00000196792	30912007	30912311	< 0.05	STRN3	-	True	True	True
gene:ENSG00000197119	100298598	100298885	> 0.10	SLC25A29	-	True	True	False
gene:ENSG00000197170	67357519	67357578	< 0.05	PSMD12	-	False	False	False
gene:ENSG00000197530	1626367	1626754		MIB2	+	False	False	False
gene:ENSG00000197713	210009639	210009736	< 0.05	RPE	+	True	True	True
gene:ENSG00000197971	76990011	76990060		MBP	-	True	False	False
gene:ENSG00000198026	45968285	45968858	> 0.10	ZNF335	-	True	True	False
gene:ENSG00000198087	47533602	47533755	< 0.05	CD2AP	+	False	False	False
gene:ENSG00000198160	66946150	66948240	> 0.10	MIER1	+	True	True	True
gene:ENSG00000198231	63800151	63800617		DDX42	+	False	False	False
gene:ENSG00000198363	61583944	61584029	< 0.05	ASPH	-	False	False	False
gene:ENSG00000198369	65331987	65332051	< 0.05	SPRED2	-	True	False	False
gene:ENSG00000198380	69363611	69363670	< 0.05	GFPT1	-	False	False	False
gene:ENSG00000198382	76016815	76016980		UVRAG	+	True	False	False
gene:ENSG00000198408	101810184	101810328	< 0.05	OGA	-	False	False	False
gene:ENSG00000198586	171117739	171117857	< 0.05	TLK1	-	False	False	False
gene:ENSG00000198677	95516672	95516768	< 0.05	TTC37	-	False	False	False
gene:ENSG00000198728	102111434	102111536	< 0.05	LDB1	-	True	False	False
gene:ENSG00000198742	99049563	99049709	> 0.10	SMURF1	-	True	True	True
gene:ENSG00000198836	193618703	193618937	> 0.10	OPA1	+	True	True	False
gene:ENSG00000198853	35555060	35555701	< 0.05	RUSC2	+	True	True	False
gene:ENSG00000198860	184072051	184072310		TSEN15	+	True	False	False
gene:ENSG00000198874	67238308	67239519	> 0.10	TYW1	+	True	False	False
gene:ENSG00000198887	70297966	70298221		SMC5	+	True	False	False
gene:ENSG00000198900	41097220	41097341	< 0.05	TOP1	+	False	False	False
gene:ENSG00000198909	63646034	63646074	< 0.05	MAP3K3	+	True	True	True
gene:ENSG00000198964	50311262	50311415	< 0.05	SGMS1	-	True	False	False
gene:ENSG00000203880	64264429	64264531	< 0.05	PCMTD2	+	False	False	False
gene:ENSG00000204084	37880085	37880194		INPP5B	-	True	True	True
gene:ENSG00000204120	232787150	232787329	< 0.05	GIGYF2	+	False	False	False
gene:ENSG00000204138	28473554	28474151	> 0.10	PHACTR4	+	False	False	False
gene:ENSG00000204209	33320736	33321567	< 0.05	DAXX	-	False	False	False
gene:ENSG00000204257	32949611	32949889	< 0.05	HLA-DMA	-	True	False	False
gene:ENSG00000204371	31888363	31888506	< 0.05	EHMT2	-	True	False	False
gene:ENSG00000204520	31410543	31410797	> 0.10	MICA	+	False	False	False
gene:ENSG00000204599	30340505	30340620		TRIM39	+	True	False	False
gene:ENSG00000204842	111525192	111525316	< 0.05	ATXN2	-	False	False	False
gene:ENSG00000204859	6585302	6586030	< 0.05	ZBTB48	+	False	False	False
gene:ENSG00000205250	67193009	67193278	< 0.05	E2F4	+	False	False	False
gene:ENSG00000205339	9420279	9420505	< 0.05	IPO7	+	False	False	False
gene:ENSG00000205476	99536015	99536088	> 0.10	CCDC85C	-	False	False	False
gene:ENSG00000205937	2264573	2265250	> 0.10	RNPS1	-	True	True	True
gene:ENSG00000211456	45703438	45703535	< 0.05	SACM1L	+	False	False	False
gene:ENSG00000213066	167010813	167010893	< 0.05	FGFR1OP	+	False	False	False
gene:ENSG00000213079	154787861	154788022	< 0.05	SCAF8	+	False	False	False
gene:ENSG00000213123	196306943	196307012	< 0.05	TCTEX1D2	-	False	False	False
gene:ENSG00000213204	87501158	87501310		AL049697.1	+	True	True	True
gene:ENSG00000213639	28776851	28777261	< 0.05	PPP1CB	+	True	False	False
gene:ENSG00000214021	9812943	9813111	< 0.05	TTLL3	+	True	True	True
gene:ENSG00000214022	150369671	150370602		REPIN1	+	False	False	False
gene:ENSG00000214078	35655202	35655344	< 0.05	CPNE1	-	False	False	False
gene:ENSG00000214176	64804830	64805100	< 0.05	PLEKHM1P1	-	True	True	True
gene:ENSG00000215114	58439633	58439770	> 0.10	UBXN2B	+	True	False	False
gene:ENSG00000215440	58693169	58693922	> 0.10	NPEPL1	+	False	False	False
gene:ENSG00000220785	32232042	32232184		MTMR9LP	-	True	False	False
gene:ENSG00000221823	68188514	68188690	< 0.05	PPP3R1	-	False	False	False
gene:ENSG00000221838	100105045	100105098	> 0.10	AP4M1	+	True	True	True
gene:ENSG00000221914	26293572	26293860	< 0.05	PPP2R2A	+	False	False	False
gene:ENSG00000225697	48626876	48627072		SLC26A6	-	False	False	False
gene:ENSG00000228486	97675821	97675928		C2orf92	+	True	True	True
gene:ENSG00000231721	130945610	130945855	> 0.10	LINC-PINT	-	True	True	True
gene:ENSG00000234456	79458847	79459387		MAGI2-AS3	+	False	False	False
gene:ENSG00000235501	94961317	94961433	< 0.05	AC105942.1	+	True	True	False
gene:ENSG00000239282	30287439	30287560	< 0.05	CASTOR1	-	True	True	False
gene:ENSG00000240583	30922066	30922230	< 0.05	AQP1	+	True	False	False
gene:ENSG00000241404	32165236	32166266	> 0.10	EGFL8	+	False	False	False
gene:ENSG00000241973	20838615	20838731	< 0.05	PI4KA	-	False	False	False
gene:ENSG00000242086	195664086	195664288	> 0.10	MUC20-OT1	+	True	True	False
gene:ENSG00000242588	128591850	128592017	> 0.10	AC108010.1	+	True	True	True
gene:ENSG00000243970	39548862	39548951		PPIEL	-	True	False	False
gene:ENSG00000244627	38361140	38361560	< 0.05	TPTEP2	-	True	False	False
gene:ENSG00000244754	32480590	32480638	> 0.10	N4BP2L2	-	False	False	False
gene:ENSG00000245958	119460437	119460827	< 0.05	AC093752.1	+	False	False	False
gene:ENSG00000248643	66639678	66640123	< 0.05	RBM14-RBM4	+	False	False	False
gene:ENSG00000251022	82897763	82898062	< 0.05	THAP9-AS1	-	False	False	False
gene:ENSG00000253352	30972263	30974103	> 0.10	TUG1	+	True	False	False
gene:ENSG00000253729	47779004	47779361	> 0.10	PRKDC	-	True	True	True
gene:ENSG00000254996	140485589	140485732	> 0.10	ANKHD1-EIF4EBP3	+	False	False	False
gene:ENSG00000256500	103685638	103685924	< 0.05	AL139300.1	+	False	False	False
gene:ENSG00000256525	64482919	64482999	< 0.05	POLG2	-	False	False	False
gene:ENSG00000257365	65032610	65032696	> 0.10	FNTB	+	True	True	True
gene:ENSG00000257923	101916115	101916587	> 0.10	CUX1	+	False	False	False
gene:ENSG00000258301	76781733	76782776	> 0.10	VASH1-AS1	-	True	False	False
gene:ENSG00000258366	63662396	63662627	< 0.05	RTEL1	+	False	False	False
gene:ENSG00000258529	111857602	111857737	< 0.05	AP001781.2	-	False	False	False
gene:ENSG00000264187	17227990	17228161	> 0.10	AC055811.2	-	True	True	True
gene:ENSG00000265491	145771711	145773843	< 0.05	RNF115	-	False	False	False
gene:ENSG00000265690	67165522	67165642	< 0.05	AC074143.1	+	False	False	False
gene:ENSG00000266338	144448775	144448916	> 0.10	NBPF15	-	True	False	False
gene:ENSG00000270757	197535530	197535630	< 0.05	HSPE1-MOB4	+	False	False	False
gene:ENSG00000272741	196306943	196307012	< 0.05	AC069257.3	-	False	False	False
gene:ENSG00000273398	68188514	68188690	< 0.05	AC017083.3	-	False	False	False
gene:ENSG00000273734	2338752	2338841	< 0.05	AC005258.1	+	False	False	False
gene:ENSG00000273749	22916477	22916630	> 0.10	CYFIP1	-	False	False	False
gene:ENSG00000275023	38717424	38717613	< 0.05	MLLT6	+	False	False	False
gene:ENSG00000275066	37517830	37519071	> 0.10	SYNRG	-	True	True	True
gene:ENSG00000276291	41011617	41011730	> 0.10	FRG1HP	+	True	True	False
gene:ENSG00000277072	74883349	74883463	< 0.05	STAG3L2	-	True	True	True
gene:ENSG00000278053	37630809	37632298	< 0.05	DDX52	-	True	False	False
gene:ENSG00000278259	36508897	36509922	< 0.05	MYO19	-	True	True	False
gene:ENSG00000284707	97868908	97869179		AC079781.5	-	False	False	False
gene:ENSG00000284770	235414433	235414469		TBCE	+	True	True	True
gene:ENSG00000285106	130945720	130945835	> 0.10	AC016831.6	-	True	True	True
gene:ENSG00000285509	121055052	121055308	< 0.05	AP000646.1	+	True	False	False
